Source;Target;Weight
0;0;0.000000
0;1;0.185501
0;2;0.298139
0;3;0.492915
0;4;0.295648
0;5;0.297794
0;6;0.503591
0;7;0.981283
0;8;0.184124
0;9;0.907784
0;10;0.228108
0;11;0.912542
0;12;0.763261
0;13;0.612954
0;14;0.924798
0;15;0.592470
0;16;0.813166
0;17;0.476416
0;18;0.994514
0;19;0.843592
0;20;0.165784
0;21;0.599487
0;22;0.889417
0;23;0.531657
0;24;0.655498
0;25;0.595003
0;26;0.567818
0;27;0.626489
0;28;0.875621
0;29;0.982748
0;30;0.397924
0;31;0.335943
0;32;0.153136
0;33;0.339349
0;34;0.709276
0;35;0.969843
0;36;0.986518
0;37;0.991549
0;38;0.590128
0;39;0.628844
0;40;0.908285
0;41;0.884501
0;42;0.443186
0;43;0.969424
0;44;0.447946
0;45;0.667647
0;46;0.663926
0;47;0.565496
0;48;0.960849
0;49;0.915333
0;50;0.642895
0;51;0.984273
0;52;0.238624
0;53;0.707923
0;54;0.206365
0;55;0.472461
0;56;0.813366
0;57;0.771463
0;58;0.304432
0;59;0.645424
0;60;0.742717
0;61;0.692312
0;62;0.969151
0;63;0.663298
0;64;0.221079
0;65;0.285820
0;66;0.315313
0;67;0.620774
0;68;0.963771
0;69;0.826175
0;70;0.153161
0;71;0.287432
0;72;0.714250
0;73;0.223825
0;74;0.585307
0;75;0.274224
0;76;0.439197
0;77;0.587879
0;78;0.561851
0;79;0.697758
0;80;0.229390
0;81;0.288643
1;0;0.185501
1;1;0.000000
1;2;0.154097
1;3;0.440136
1;4;0.093650
1;5;0.399127
1;6;0.189324
1;7;0.949663
1;8;0.311629
1;9;0.869171
1;10;0.364083
1;11;0.874660
1;12;0.732526
1;13;0.699865
1;14;0.923683
1;15;0.684540
1;16;0.861614
1;17;0.359085
1;18;0.995961
1;19;0.876189
1;20;0.209776
1;21;0.434105
1;22;0.878772
1;23;0.195590
1;24;0.542681
1;25;0.579049
1;26;0.377228
1;27;0.512626
1;28;0.875085
1;29;0.977778
1;30;0.257248
1;31;0.094123
1;32;0.109930
1;33;0.134982
1;34;0.682158
1;35;0.937153
1;36;0.981838
1;37;0.993930
1;38;0.289391
1;39;0.654017
1;40;0.911794
1;41;0.818145
1;42;0.588687
1;43;0.914689
1;44;0.448504
1;45;0.651786
1;46;0.612557
1;47;0.228040
1;48;0.965786
1;49;0.922306
1;50;0.665189
1;51;0.959410
1;52;0.025626
1;53;0.633037
1;54;0.151655
1;55;0.369054
1;56;0.858894
1;57;0.704674
1;58;0.133246
1;59;0.464420
1;60;0.764384
1;61;0.736882
1;62;0.911955
1;63;0.659624
1;64;0.005408
1;65;0.037293
1;66;0.181108
1;67;0.579518
1;68;0.910924
1;69;0.858911
1;70;0.433231
1;71;0.231011
1;72;0.641920
1;73;0.064697
1;74;0.316697
1;75;0.515769
1;76;0.424937
1;77;0.477260
1;78;0.495305
1;79;0.733207
1;80;0.148292
1;81;0.117242
2;0;0.298139
2;1;0.154097
2;2;0.000000
2;3;0.470205
2;4;0.229345
2;5;0.457309
2;6;0.294557
2;7;0.943361
2;8;0.395856
2;9;0.890366
2;10;0.390296
2;11;0.894658
2;12;0.761294
2;13;0.689748
2;14;0.932875
2;15;0.661249
2;16;0.692215
2;17;0.432828
2;18;0.996602
2;19;0.893821
2;20;0.309268
2;21;0.529699
2;22;0.897385
2;23;0.284192
2;24;0.626083
2;25;0.578064
2;26;0.414090
2;27;0.580007
2;28;0.896160
2;29;0.983010
2;30;0.389760
2;31;0.232816
2;32;0.247974
2;33;0.259358
2;34;0.723621
2;35;0.945208
2;36;0.984387
2;37;0.994493
2;38;0.391153
2;39;0.618107
2;40;0.925939
2;41;0.858869
2;42;0.502269
2;43;0.928294
2;44;0.509399
2;45;0.593771
2;46;0.662497
2;47;0.335083
2;48;0.971583
2;49;0.925322
2;50;0.572174
2;51;0.962187
2;52;0.141761
2;53;0.609231
2;54;0.260559
2;55;0.420434
2;56;0.832338
2;57;0.746572
2;58;0.173160
2;59;0.515914
2;60;0.692800
2;61;0.779249
2;62;0.924524
2;63;0.674890
2;64;0.163423
2;65;0.170927
2;66;0.267628
2;67;0.635308
2;68;0.909888
2;69;0.881883
2;70;0.467458
2;71;0.351221
2;72;0.660161
2;73;0.200491
2;74;0.406483
2;75;0.535395
2;76;0.486719
2;77;0.564177
2;78;0.579366
2;79;0.613099
2;80;0.203828
2;81;0.286984
3;0;0.492915
3;1;0.440136
3;2;0.470205
3;3;0.000000
3;4;0.463224
3;5;0.362257
3;6;0.503658
3;7;0.967753
3;8;0.448007
3;9;0.959211
3;10;0.531539
3;11;0.962232
3;12;0.502943
3;13;0.400276
3;14;0.973375
3;15;0.322136
3;16;0.616562
3;17;0.434055
3;18;0.988791
3;19;0.960184
3;20;0.242057
3;21;0.541560
3;22;0.973642
3;23;0.488659
3;24;0.250575
3;25;0.384918
3;26;0.509402
3;27;0.556388
3;28;0.922786
3;29;0.963575
3;30;0.589016
3;31;0.584346
3;32;0.322802
3;33;0.412022
3;34;0.762929
3;35;0.948519
3;36;0.981990
3;37;0.983345
3;38;0.526978
3;39;0.279030
3;40;0.961167
3;41;0.874033
3;42;0.405466
3;43;0.963147
3;44;0.274098
3;45;0.301384
3;46;0.704516
3;47;0.518994
3;48;0.935089
3;49;0.970778
3;50;0.269148
3;51;0.973468
3;52;0.371709
3;53;0.439966
3;54;0.501648
3;55;0.106229
3;56;0.626539
3;57;0.587874
3;58;0.557662
3;59;0.334996
3;60;0.563090
3;61;0.535063
3;62;0.976840
3;63;0.350544
3;64;0.407769
3;65;0.337716
3;66;0.345463
3;67;0.550048
3;68;0.955517
3;69;0.672279
3;70;0.638118
3;71;0.577507
3;72;0.687176
3;73;0.490215
3;74;0.420606
3;75;0.625329
3;76;0.244823
3;77;0.685407
3;78;0.313624
3;79;0.429427
3;80;0.528028
3;81;0.484693
4;0;0.295648
4;1;0.093650
4;2;0.229345
4;3;0.463224
4;4;0.000000
4;5;0.309706
4;6;0.150823
4;7;0.919570
4;8;0.403263
4;9;0.844181
4;10;0.401906
4;11;0.852731
4;12;0.485326
4;13;0.654809
4;14;0.935417
4;15;0.617271
4;16;0.827251
4;17;0.186946
4;18;0.996035
4;19;0.902009
4;20;0.338968
4;21;0.388351
4;22;0.869716
4;23;0.152719
4;24;0.641627
4;25;0.396053
4;26;0.231723
4;27;0.246833
4;28;0.914578
4;29;0.940491
4;30;0.238717
4;31;0.097514
4;32;0.187007
4;33;0.031979
4;34;0.600789
4;35;0.906719
4;36;0.982002
4;37;0.993731
4;38;0.085740
4;39;0.551257
4;40;0.924260
4;41;0.767459
4;42;0.653251
4;43;0.918384
4;44;0.428501
4;45;0.700339
4;46;0.620553
4;47;0.096394
4;48;0.968197
4;49;0.909040
4;50;0.594124
4;51;0.963743
4;52;0.126896
4;53;0.698473
4;54;0.177130
4;55;0.427962
4;56;0.525556
4;57;0.701639
4;58;0.147166
4;59;0.337731
4;60;0.561437
4;61;0.754032
4;62;0.911636
4;63;0.444196
4;64;0.098035
4;65;0.101871
4;66;0.151003
4;67;0.372039
4;68;0.885876
4;69;0.871165
4;70;0.498878
4;71;0.129284
4;72;0.608586
4;73;0.017541
4;74;0.337885
4;75;0.565085
4;76;0.394293
4;77;0.465257
4;78;0.310020
4;79;0.771117
4;80;0.179216
4;81;0.172237
5;0;0.297794
5;1;0.399127
5;2;0.457309
5;3;0.362257
5;4;0.309706
5;5;0.000000
5;6;0.688532
5;7;0.932919
5;8;0.159613
5;9;0.869826
5;10;0.241314
5;11;0.880744
5;12;0.266564
5;13;0.554545
5;14;0.952384
5;15;0.481557
5;16;0.720667
5;17;0.312319
5;18;0.991693
5;19;0.888282
5;20;0.215892
5;21;0.705941
5;22;0.884190
5;23;0.662701
5;24;0.460979
5;25;0.409046
5;26;0.516792
5;27;0.470121
5;28;0.891963
5;29;0.917610
5;30;0.739656
5;31;0.608349
5;32;0.332987
5;33;0.250526
5;34;0.694303
5;35;0.910449
5;36;0.990509
5;37;0.990835
5;38;0.436103
5;39;0.405867
5;40;0.933113
5;41;0.865662
5;42;0.452901
5;43;0.964440
5;44;0.627700
5;45;0.569253
5;46;0.784855
5;47;0.516477
5;48;0.956047
5;49;0.907942
5;50;0.453868
5;51;0.987685
5;52;0.426486
5;53;0.683593
5;54;0.489790
5;55;0.486168
5;56;0.315829
5;57;0.697730
5;58;0.524917
5;59;0.243860
5;60;0.402260
5;61;0.710182
5;62;0.972294
5;63;0.215012
5;64;0.401954
5;65;0.436269
5;66;0.200554
5;67;0.507627
5;68;0.925497
5;69;0.795509
5;70;0.271518
5;71;0.444711
5;72;0.668922
5;73;0.299658
5;74;0.635020
5;75;0.318616
5;76;0.605292
5;77;0.585400
5;78;0.302718
5;79;0.699398
5;80;0.495312
5;81;0.571156
6;0;0.503591
6;1;0.189324
6;2;0.294557
6;3;0.503658
6;4;0.150823
6;5;0.688532
6;6;0.000000
6;7;0.941697
6;8;0.698765
6;9;0.906004
6;10;0.593519
6;11;0.908990
6;12;0.825137
6;13;0.612334
6;14;0.961642
6;15;0.591102
6;16;0.818337
6;17;0.424847
6;18;0.995100
6;19;0.964082
6;20;0.559111
6;21;0.383060
6;22;0.925292
6;23;0.020386
6;24;0.788880
6;25;0.533036
6;26;0.252514
6;27;0.388636
6;28;0.971569
6;29;0.990675
6;30;0.191010
6;31;0.053792
6;32;0.341386
6;33;0.248634
6;34;0.692434
6;35;0.956549
6;36;0.982890
6;37;0.992640
6;38;0.176210
6;39;0.537698
6;40;0.960834
6;41;0.805132
6;42;0.720248
6;43;0.916306
6;44;0.332413
6;45;0.707147
6;46;0.615019
6;47;0.142866
6;48;0.964290
6;49;0.964756
6;50;0.559535
6;51;0.966685
6;52;0.185057
6;53;0.609136
6;54;0.225765
6;55;0.439612
6;56;0.814092
6;57;0.622343
6;58;0.163485
6;59;0.535267
6;60;0.783023
6;61;0.732984
6;62;0.903252
6;63;0.722508
6;64;0.192020
6;65;0.129895
6;66;0.382521
6;67;0.468986
6;68;0.902548
6;69;0.864285
6;70;0.785168
6;71;0.272552
6;72;0.688068
6;73;0.182842
6;74;0.289945
6;75;0.801071
6;76;0.294031
6;77;0.597991
6;78;0.534061
6;79;0.673930
6;80;0.170221
6;81;0.228061
7;0;0.981283
7;1;0.949663
7;2;0.943361
7;3;0.967753
7;4;0.919570
7;5;0.932919
7;6;0.941697
7;7;0.000000
7;8;0.976511
7;9;0.028371
7;10;0.954193
7;11;0.032586
7;12;0.898518
7;13;0.985511
7;14;0.142229
7;15;0.986312
7;16;0.991092
7;17;0.902888
7;18;1.000000
7;19;0.170197
7;20;0.976128
7;21;0.969217
7;22;0.037289
7;23;0.933804
7;24;0.992235
7;25;0.895780
7;26;0.867874
7;27;0.915241
7;28;0.168541
7;29;0.016691
7;30;0.992090
7;31;0.945384
7;32;0.991120
7;33;0.901821
7;34;0.962936
7;35;0.021601
7;36;0.142512
7;37;0.104963
7;38;0.893970
7;39;0.975493
7;40;0.159034
7;41;0.968880
7;42;0.931279
7;43;0.123695
7;44;0.974592
7;45;0.945490
7;46;0.991731
7;47;0.889568
7;48;0.997441
7;49;0.026081
7;50;0.952630
7;51;0.096052
7;52;0.934280
7;53;0.914142
7;54;0.979078
7;55;0.962867
7;56;0.897137
7;57;0.956005
7;58;0.945737
7;59;0.897588
7;60;0.925043
7;61;0.979965
7;62;0.138490
7;63;0.916034
7;64;0.952413
7;65;0.948698
7;66;0.888698
7;67;0.924946
7;68;0.026437
7;69;0.986113
7;70;0.985668
7;71;0.955103
7;72;0.955133
7;73;0.919819
7;74;0.949605
7;75;0.986521
7;76;0.978433
7;77;0.953247
7;78;0.920211
7;79;0.923924
7;80;0.951005
7;81;0.985794
8;0;0.184124
8;1;0.311629
8;2;0.395856
8;3;0.448007
8;4;0.403263
8;5;0.159613
8;6;0.698765
8;7;0.976511
8;8;0.000000
8;9;0.896790
8;10;0.087302
8;11;0.900891
8;12;0.679018
8;13;0.619923
8;14;0.934532
8;15;0.566822
8;16;0.756104
8;17;0.611439
8;18;0.992743
8;19;0.844341
8;20;0.198088
8;21;0.810915
8;22;0.889304
8;23;0.677837
8;24;0.516376
8;25;0.726026
8;26;0.742705
8;27;0.806141
8;28;0.863847
8;29;0.976712
8;30;0.740682
8;31;0.549184
8;32;0.309289
8;33;0.411516
8;34;0.811589
8;35;0.966763
8;36;0.988720
8;37;0.989406
8;38;0.686063
8;39;0.497017
8;40;0.911960
8;41;0.939726
8;42;0.399177
8;43;0.955592
8;44;0.681291
8;45;0.630084
8;46;0.805840
8;47;0.718977
8;48;0.959428
8;49;0.924409
8;50;0.553139
8;51;0.986821
8;52;0.359762
8;53;0.660322
8;54;0.461607
8;55;0.554534
8;56;0.761930
8;57;0.663824
8;58;0.442008
8;59;0.489821
8;60;0.721001
8;61;0.717825
8;62;0.960827
8;63;0.584157
8;64;0.332457
8;65;0.419784
8;66;0.333909
8;67;0.774442
8;68;0.962958
8;69;0.794623
8;70;0.118493
8;71;0.542525
8;72;0.747041
8;73;0.365667
8;74;0.657992
8;75;0.216173
8;76;0.665985
8;77;0.629916
8;78;0.638133
8;79;0.746337
8;80;0.438217
8;81;0.524179
9;0;0.907784
9;1;0.869171
9;2;0.890366
9;3;0.959211
9;4;0.844181
9;5;0.869826
9;6;0.906004
9;7;0.028371
9;8;0.896790
9;9;0.000000
9;10;0.901386
9;11;0.016023
9;12;0.872077
9;13;0.970063
9;14;0.132249
9;15;0.971685
9;16;0.989235
9;17;0.871431
9;18;0.999611
9;19;0.147550
9;20;0.910415
9;21;0.943558
9;22;0.034768
9;23;0.895388
9;24;0.943299
9;25;0.905597
9;26;0.855846
9;27;0.896826
9;28;0.147042
9;29;0.032556
9;30;0.953043
9;31;0.878248
9;32;0.921436
9;33;0.834087
9;34;0.945068
9;35;0.016659
9;36;0.143603
9;37;0.128797
9;38;0.843492
9;39;0.966590
9;40;0.151991
9;41;0.949434
9;42;0.959893
9;43;0.129467
9;44;0.966045
9;45;0.969227
9;46;0.973330
9;47;0.848493
9;48;0.992630
9;49;0.031264
9;50;0.976169
9;51;0.116128
9;52;0.877306
9;53;0.931768
9;54;0.930338
9;55;0.954236
9;56;0.890950
9;57;0.938145
9;58;0.883034
9;59;0.854117
9;60;0.901805
9;61;0.958489
9;62;0.120011
9;63;0.886716
9;64;0.871827
9;65;0.883813
9;66;0.830240
9;67;0.908869
9;68;0.021218
9;69;0.974845
9;70;0.923006
9;71;0.901312
9;72;0.932253
9;73;0.843031
9;74;0.917467
9;75;0.942775
9;76;0.974637
9;77;0.903594
9;78;0.889827
9;79;0.981679
9;80;0.901361
9;81;0.920325
10;0;0.228108
10;1;0.364083
10;2;0.390296
10;3;0.531539
10;4;0.401906
10;5;0.241314
10;6;0.593519
10;7;0.954193
10;8;0.087302
10;9;0.901386
10;10;0.000000
10;11;0.903351
10;12;0.786653
10;13;0.558330
10;14;0.939889
10;15;0.494500
10;16;0.721143
10;17;0.669507
10;18;0.992519
10;19;0.861028
10;20;0.339925
10;21;0.852121
10;22;0.888887
10;23;0.566112
10;24;0.797395
10;25;0.696054
10;26;0.620471
10;27;0.784080
10;28;0.904201
10;29;0.992368
10;30;0.735841
10;31;0.483575
10;32;0.429474
10;33;0.460497
10;34;0.815684
10;35;0.981779
10;36;0.990171
10;37;0.988695
10;38;0.644417
10;39;0.375194
10;40;0.923562
10;41;0.953058
10;42;0.272053
10;43;0.954480
10;44;0.647828
10;45;0.627344
10;46;0.808198
10;47;0.694721
10;48;0.964952
10;49;0.922231
10;50;0.386883
10;51;0.987345
10;52;0.388781
10;53;0.586551
10;54;0.428168
10;55;0.657257
10;56;0.714382
10;57;0.600123
10;58;0.378749
10;59;0.563665
10;60;0.756117
10;61;0.760466
10;62;0.948850
10;63;0.662995
10;64;0.410859
10;65;0.462235
10;66;0.375048
10;67;0.734065
10;68;0.939626
10;69;0.819958
10;70;0.100868
10;71;0.540011
10;72;0.775266
10;73;0.367887
10;74;0.678042
10;75;0.193375
10;76;0.622739
10;77;0.686482
10;78;0.751619
10;79;0.590540
10;80;0.342904
10;81;0.628275
11;0;0.912542
11;1;0.874660
11;2;0.894658
11;3;0.962232
11;4;0.852731
11;5;0.880744
11;6;0.908990
11;7;0.032586
11;8;0.900891
11;9;0.016023
11;10;0.903351
11;11;0.000000
11;12;0.888304
11;13;0.974579
11;14;0.099002
11;15;0.975317
11;16;0.987793
11;17;0.885608
11;18;0.999510
11;19;0.115913
11;20;0.915352
11;21;0.948741
11;22;0.019018
11;23;0.896758
11;24;0.951488
11;25;0.918110
11;26;0.866571
11;27;0.907773
11;28;0.120259
11;29;0.051382
11;30;0.953665
11;31;0.881389
11;32;0.926444
11;33;0.845624
11;34;0.950522
11;35;0.037066
11;36;0.111166
11;37;0.096856
11;38;0.854304
11;39;0.965755
11;40;0.114851
11;41;0.952879
11;42;0.959575
11;43;0.080050
11;44;0.969665
11;45;0.971619
11;46;0.974801
11;47;0.859858
11;48;0.992858
11;49;0.019271
11;50;0.975648
11;51;0.094676
11;52;0.882696
11;53;0.933919
11;54;0.931401
11;55;0.959782
11;56;0.904490
11;57;0.937403
11;58;0.885498
11;59;0.868949
11;60;0.915659
11;61;0.959660
11;62;0.090911
11;63;0.902366
11;64;0.877695
11;65;0.889365
11;66;0.841503
11;67;0.919559
11;68;0.010719
11;69;0.975474
11;70;0.924625
11;71;0.909125
11;72;0.938281
11;73;0.852525
11;74;0.920754
11;75;0.943609
11;76;0.978279
11;77;0.909883
11;78;0.904634
11;79;0.984627
11;80;0.905216
11;81;0.925385
12;0;0.763261
12;1;0.732526
12;2;0.761294
12;3;0.502943
12;4;0.485326
12;5;0.266564
12;6;0.825137
12;7;0.898518
12;8;0.679018
12;9;0.872077
12;10;0.786653
12;11;0.888304
12;12;0.000000
12;13;0.653264
12;14;0.985561
12;15;0.622030
12;16;0.823842
12;17;0.203685
12;18;0.995226
12;19;0.977102
12;20;0.579748
12;21;0.688230
12;22;0.913695
12;23;0.819122
12;24;0.472302
12;25;0.257071
12;26;0.458761
12;27;0.275484
12;28;0.948253
12;29;0.865304
12;30;0.869033
12;31;0.862053
12;32;0.650698
12;33;0.333758
12;34;0.685549
12;35;0.861294
12;36;0.989385
12;37;0.992566
12;38;0.369764
12;39;0.652077
12;40;0.977832
12;41;0.811835
12;42;0.792689
12;43;0.974892
12;44;0.743819
12;45;0.642457
12;46;0.874580
12;47;0.436177
12;48;0.963055
12;49;0.917535
12;50;0.680433
12;51;0.987607
12;52;0.713762
12;53;0.778856
12;54;0.826722
12;55;0.544953
12;56;0.110150
12;57;0.826674
12;58;0.836091
12;59;0.173466
12;60;0.233735
12;61;0.706732
12;62;0.984375
12;63;0.053870
12;64;0.700945
12;65;0.672294
12;66;0.344586
12;67;0.389258
12;68;0.897398
12;69;0.837476
12;70;0.832440
12;71;0.584585
12;72;0.683031
12;73;0.515148
12;74;0.736885
12;75;0.829192
12;76;0.704974
12;77;0.672380
12;78;0.118512
12;79;0.772363
12;80;0.833121
12;81;0.765935
13;0;0.612954
13;1;0.699865
13;2;0.689748
13;3;0.400276
13;4;0.654809
13;5;0.554545
13;6;0.612334
13;7;0.985511
13;8;0.619923
13;9;0.970063
13;10;0.558330
13;11;0.974579
13;12;0.653264
13;13;0.000000
13;14;0.973694
13;15;0.035634
13;16;0.578677
13;17;0.672092
13;18;0.984653
13;19;0.970615
13;20;0.600157
13;21;0.717913
13;22;0.971805
13;23;0.666997
13;24;0.578390
13;25;0.587632
13;26;0.719497
13;27;0.645646
13;28;0.974439
13;29;0.985823
13;30;0.713472
13;31;0.694944
13;32;0.584262
13;33;0.698247
13;34;0.808399
13;35;0.976256
13;36;0.980930
13;37;0.980640
13;38;0.711165
13;39;0.274465
13;40;0.967929
13;41;0.948690
13;42;0.540463
13;43;0.975044
13;44;0.448059
13;45;0.520343
13;46;0.775876
13;47;0.741991
13;48;0.918078
13;49;0.982239
13;50;0.364144
13;51;0.974083
13;52;0.690720
13;53;0.568382
13;54;0.660448
13;55;0.499218
13;56;0.641416
13;57;0.485361
13;58;0.687317
13;59;0.542827
13;60;0.556226
13;61;0.260748
13;62;0.974572
13;63;0.432539
13;64;0.703510
13;65;0.614933
13;66;0.702669
13;67;0.617272
13;68;0.967535
13;69;0.667524
13;70;0.650777
13;71;0.651411
13;72;0.844854
13;73;0.666569
13;74;0.742784
13;75;0.646289
13;76;0.331143
13;77;0.850967
13;78;0.566729
13;79;0.384405
13;80;0.617403
13;81;0.731433
14;0;0.924798
14;1;0.923683
14;2;0.932875
14;3;0.973375
14;4;0.935417
14;5;0.952384
14;6;0.961642
14;7;0.142229
14;8;0.934532
14;9;0.132249
14;10;0.939889
14;11;0.099002
14;12;0.985561
14;13;0.973694
14;14;0.000000
14;15;0.974925
14;16;0.989992
14;17;0.955927
14;18;1.000000
14;19;0.017635
14;20;0.941191
14;21;0.967153
14;22;0.101304
14;23;0.950748
14;24;0.974007
14;25;0.977977
14;26;0.956645
14;27;0.978934
14;28;0.027788
14;29;0.187452
14;30;0.955561
14;31;0.930229
14;32;0.936514
14;33;0.937079
14;34;0.977877
14;35;0.163047
14;36;0.015476
14;37;0.025962
14;38;0.958587
14;39;0.989324
14;40;0.008581
14;41;0.982245
14;42;0.950125
14;43;0.039381
14;44;0.966980
14;45;0.972435
14;46;0.975454
14;47;0.955090
14;48;0.995012
14;49;0.101121
14;50;0.986916
14;51;0.039701
14;52;0.926859
14;53;0.963056
14;54;0.940316
14;55;0.970268
14;56;0.995538
14;57;0.980945
14;58;0.930426
14;59;0.978764
14;60;0.982653
14;61;0.966989
14;62;0.014953
14;63;0.980062
14;64;0.927873
14;65;0.937889
14;66;0.934003
14;67;0.988180
14;68;0.106481
14;69;0.979046
14;70;0.925132
14;71;0.942456
14;72;0.980974
14;73;0.929059
14;74;0.963835
14;75;0.944884
14;76;0.976993
14;77;0.955666
14;78;0.981088
14;79;0.970390
14;80;0.954223
14;81;0.941251
15;0;0.592470
15;1;0.684540
15;2;0.661249
15;3;0.322136
15;4;0.617271
15;5;0.481557
15;6;0.591102
15;7;0.986312
15;8;0.566822
15;9;0.971685
15;10;0.494500
15;11;0.975317
15;12;0.622030
15;13;0.035634
15;14;0.974925
15;15;0.000000
15;16;0.561386
15;17;0.646352
15;18;0.986908
15;19;0.971186
15;20;0.537935
15;21;0.713539
15;22;0.973729
15;23;0.618590
15;24;0.565902
15;25;0.543135
15;26;0.690624
15;27;0.611115
15;28;0.975580
15;29;0.985833
15;30;0.707601
15;31;0.687597
15;32;0.540552
15;33;0.661961
15;34;0.799520
15;35;0.977311
15;36;0.982036
15;37;0.981880
15;38;0.667189
15;39;0.163680
15;40;0.967906
15;41;0.951931
15;42;0.497790
15;43;0.975474
15;44;0.401490
15;45;0.476171
15;46;0.758469
15;47;0.733111
15;48;0.917558
15;49;0.982009
15;50;0.240186
15;51;0.976113
15;52;0.669071
15;53;0.604283
15;54;0.610417
15;55;0.449391
15;56;0.579352
15;57;0.537882
15;58;0.662840
15;59;0.499144
15;60;0.531336
15;61;0.376005
15;62;0.974830
15;63;0.384456
15;64;0.682950
15;65;0.584256
15;66;0.653154
15;67;0.588668
15;68;0.969852
15;69;0.691788
15;70;0.598048
15;71;0.634825
15;72;0.828929
15;73;0.636616
15;74;0.702274
15;75;0.594999
15;76;0.301390
15;77;0.840047
15;78;0.537703
15;79;0.385585
15;80;0.589393
15;81;0.737412
16;0;0.813166
16;1;0.861614
16;2;0.692215
16;3;0.616562
16;4;0.827251
16;5;0.720667
16;6;0.818337
16;7;0.991092
16;8;0.756104
16;9;0.989235
16;10;0.721143
16;11;0.987793
16;12;0.823842
16;13;0.578677
16;14;0.989992
16;15;0.561386
16;16;0.000000
16;17;0.844398
16;18;0.987901
16;19;0.987239
16;20;0.755391
16;21;0.873860
16;22;0.987341
16;23;0.807322
16;24;0.828932
16;25;0.802057
16;26;0.855093
16;27;0.827211
16;28;0.988687
16;29;0.991463
16;30;0.883646
16;31;0.863229
16;32;0.799181
16;33;0.849749
16;34;0.918872
16;35;0.991883
16;36;0.988078
16;37;0.985666
16;38;0.835811
16;39;0.530189
16;40;0.980764
16;41;0.971681
16;42;0.689130
16;43;0.987305
16;44;0.686356
16;45;0.754622
16;46;0.895930
16;47;0.898454
16;48;0.960298
16;49;0.991201
16;50;0.607520
16;51;0.988515
16;52;0.855129
16;53;0.669919
16;54;0.796150
16;55;0.778676
16;56;0.781412
16;57;0.578647
16;58;0.532438
16;59;0.780349
16;60;0.461174
16;61;0.650576
16;62;0.987792
16;63;0.744972
16;64;0.866863
16;65;0.816666
16;66;0.830506
16;67;0.824667
16;68;0.985776
16;69;0.748120
16;70;0.783776
16;71;0.853234
16;72;0.797471
16;73;0.844199
16;74;0.854485
16;75;0.771646
16;76;0.684493
16;77;0.931207
16;78;0.791859
16;79;0.738277
16;80;0.590435
16;81;0.898376
17;0;0.476416
17;1;0.359085
17;2;0.432828
17;3;0.434055
17;4;0.186946
17;5;0.312319
17;6;0.424847
17;7;0.902888
17;8;0.611439
17;9;0.871431
17;10;0.669507
17;11;0.885608
17;12;0.203685
17;13;0.672092
17;14;0.955927
17;15;0.646352
17;16;0.844398
17;17;0.000000
17;18;0.996049
17;19;0.935979
17;20;0.442644
17;21;0.380672
17;22;0.902819
17;23;0.427544
17;24;0.562700
17;25;0.184297
17;26;0.265514
17;27;0.099701
17;28;0.931569
17;29;0.894225
17;30;0.352525
17;31;0.417700
17;32;0.294749
17;33;0.104262
17;34;0.558441
17;35;0.875263
17;36;0.986659
17;37;0.993776
17;38;0.167588
17;39;0.683864
17;40;0.950501
17;41;0.774418
17;42;0.622717
17;43;0.969154
17;44;0.475901
17;45;0.589030
17;46;0.660859
17;47;0.164778
17;48;0.967598
17;49;0.897070
17;50;0.641932
17;51;0.975273
17;52;0.327597
17;53;0.708208
17;54;0.347954
17;55;0.378026
17;56;0.284618
17;57;0.855227
17;58;0.440623
17;59;0.312772
17;60;0.364281
17;61;0.738150
17;62;0.973417
17;63;0.223042
17;64;0.345205
17;65;0.316345
17;66;0.231818
17;67;0.316224
17;68;0.890081
17;69;0.856871
17;70;0.657908
17;71;0.166691
17;72;0.623916
17;73;0.197663
17;74;0.490799
17;75;0.703958
17;76;0.454527
17;77;0.534274
17;78;0.124729
17;79;0.642699
17;80;0.488594
17;81;0.296882
18;0;0.994514
18;1;0.995961
18;2;0.996602
18;3;0.988791
18;4;0.996035
18;5;0.991693
18;6;0.995100
18;7;1.000000
18;8;0.992743
18;9;0.999611
18;10;0.992519
18;11;0.999510
18;12;0.995226
18;13;0.984653
18;14;1.000000
18;15;0.986908
18;16;0.987901
18;17;0.996049
18;18;0.000000
18;19;0.999780
18;20;0.993316
18;21;0.995842
18;22;0.999520
18;23;0.995086
18;24;0.994781
18;25;0.995425
18;26;0.995734
18;27;0.995814
18;28;1.000000
18;29;1.000000
18;30;0.995606
18;31;0.995690
18;32;0.995266
18;33;0.996568
18;34;0.997940
18;35;0.999711
18;36;1.000000
18;37;0.999714
18;38;0.996026
18;39;0.987761
18;40;0.999320
18;41;0.693868
18;42;0.989821
18;43;0.999636
18;44;0.989195
18;45;0.993676
18;46;0.997456
18;47;0.996939
18;48;0.996576
18;49;1.000000
18;50;0.992161
18;51;1.000000
18;52;0.996152
18;53;0.982447
18;54;0.994616
18;55;0.994926
18;56;0.994504
18;57;0.976509
18;58;0.995845
18;59;0.994679
18;60;0.580030
18;61;0.981555
18;62;0.999847
18;63;0.994430
18;64;0.996496
18;65;0.995348
18;66;0.995985
18;67;0.686268
18;68;0.999497
18;69;0.184590
18;70;0.994114
18;71;0.996006
18;72;0.998290
18;73;0.996277
18;74;0.996192
18;75;0.524101
18;76;0.990377
18;77;0.998127
18;78;0.994410
18;79;0.991701
18;80;0.995280
18;81;0.996112
19;0;0.843592
19;1;0.876189
19;2;0.893821
19;3;0.960184
19;4;0.902009
19;5;0.888282
19;6;0.964082
19;7;0.170197
19;8;0.844341
19;9;0.147550
19;10;0.861028
19;11;0.115913
19;12;0.977102
19;13;0.970615
19;14;0.017635
19;15;0.971186
19;16;0.987239
19;17;0.935979
19;18;0.999780
19;19;0.000000
19;20;0.882965
19;21;0.965337
19;22;0.115951
19;23;0.955202
19;24;0.957071
19;25;0.971650
19;26;0.958672
19;27;0.979398
19;28;0.014849
19;29;0.212202
19;30;0.939970
19;31;0.907466
19;32;0.884909
19;33;0.904793
19;34;0.965521
19;35;0.195816
19;36;0.026089
19;37;0.048885
19;38;0.960650
19;39;0.986568
19;40;0.018547
19;41;0.981603
19;42;0.903719
19;43;0.067781
19;44;0.961228
19;45;0.965390
19;46;0.966772
19;47;0.957270
19;48;0.993503
19;49;0.120557
19;50;0.985207
19;51;0.066399
19;52;0.887398
19;53;0.956738
19;54;0.899065
19;55;0.959813
19;56;0.993746
19;57;0.975746
19;58;0.894000
19;59;0.967941
19;60;0.977295
19;61;0.962574
19;62;0.036631
19;63;0.971762
19;64;0.885182
19;65;0.912132
19;66;0.896854
19;67;0.985330
19;68;0.131772
19;69;0.974305
19;70;0.833258
19;71;0.903596
19;72;0.968535
19;73;0.887260
19;74;0.961763
19;75;0.867307
19;76;0.972505
19;77;0.932013
19;78;0.972112
19;79;0.968048
19;80;0.917016
19;81;0.905117
20;0;0.165784
20;1;0.209776
20;2;0.309268
20;3;0.242057
20;4;0.338968
20;5;0.215892
20;6;0.559111
20;7;0.976128
20;8;0.198088
20;9;0.910415
20;10;0.339925
20;11;0.915352
20;12;0.579748
20;13;0.600157
20;14;0.941191
20;15;0.537935
20;16;0.755391
20;17;0.442644
20;18;0.993316
20;19;0.882965
20;20;0.000000
20;21;0.613461
20;22;0.909173
20;23;0.546101
20;24;0.307978
20;25;0.570620
20;26;0.598991
20;27;0.693364
20;28;0.861752
20;29;0.966945
20;30;0.569694
20;31;0.474009
20;32;0.140078
20;33;0.310813
20;34;0.749717
20;35;0.949658
20;36;0.987766
20;37;0.990512
20;38;0.560876
20;39;0.491461
20;40;0.921734
20;41;0.895016
20;42;0.467968
20;43;0.954088
20;44;0.482785
20;45;0.489313
20;46;0.679518
20;47;0.545619
20;48;0.954447
20;49;0.936697
20;50;0.503669
20;51;0.982988
20;52;0.218599
20;53;0.631119
20;54;0.326275
20;55;0.291027
20;56;0.742837
20;57;0.721545
20;58;0.429564
20;59;0.392493
20;60;0.658306
20;61;0.693515
20;62;0.965772
20;63;0.475212
20;64;0.198812
20;65;0.216115
20;66;0.203055
20;67;0.675230
20;68;0.959155
20;69;0.789853
20;70;0.320433
20;71;0.470892
20;72;0.668301
20;73;0.289926
20;74;0.483287
20;75;0.402306
20;76;0.493232
20;77;0.571837
20;78;0.448746
20;79;0.661755
20;80;0.349913
20;81;0.364567
21;0;0.599487
21;1;0.434105
21;2;0.529699
21;3;0.541560
21;4;0.388351
21;5;0.705941
21;6;0.383060
21;7;0.969217
21;8;0.810915
21;9;0.943558
21;10;0.852121
21;11;0.948741
21;12;0.688230
21;13;0.717913
21;14;0.967153
21;15;0.713539
21;16;0.873860
21;17;0.380672
21;18;0.995842
21;19;0.965337
21;20;0.613461
21;21;0.000000
21;22;0.958918
21;23;0.407501
21;24;0.691378
21;25;0.522861
21;26;0.500361
21;27;0.391560
21;28;0.959853
21;29;0.965070
21;30;0.300459
21;31;0.397963
21;32;0.390287
21;33;0.398518
21;34;0.698207
21;35;0.944119
21;36;0.985540
21;37;0.993858
21;38;0.405263
21;39;0.775480
21;40;0.963757
21;41;0.249585
21;42;0.820767
21;43;0.968567
21;44;0.452653
21;45;0.743826
21;46;0.670125
21;47;0.368914
21;48;0.967990
21;49;0.959647
21;50;0.781348
21;51;0.972741
21;52;0.426361
21;53;0.790973
21;54;0.390065
21;55;0.465132
21;56;0.759308
21;57;0.847045
21;58;0.477164
21;59;0.670040
21;60;0.720220
21;61;0.744513
21;62;0.969505
21;63;0.647440
21;64;0.420074
21;65;0.382880
21;66;0.553113
21;67;0.541925
21;68;0.950145
21;69;0.866223
21;70;0.854400
21;71;0.335739
21;72;0.757026
21;73;0.407323
21;74;0.507691
21;75;0.870340
21;76;0.418080
21;77;0.139893
21;78;0.459710
21;79;0.778452
21;80;0.522502
21;81;0.311356
22;0;0.889417
22;1;0.878772
22;2;0.897385
22;3;0.973642
22;4;0.869716
22;5;0.884190
22;6;0.925292
22;7;0.037289
22;8;0.889304
22;9;0.034768
22;10;0.888887
22;11;0.019018
22;12;0.913695
22;13;0.971805
22;14;0.101304
22;15;0.973729
22;16;0.987341
22;17;0.902819
22;18;0.999520
22;19;0.115951
22;20;0.909173
22;21;0.958918
22;22;0.000000
22;23;0.917008
22;24;0.970159
22;25;0.932080
22;26;0.891063
22;27;0.923388
22;28;0.130168
22;29;0.049964
22;30;0.954089
22;31;0.892377
22;32;0.919218
22;33;0.867641
22;34;0.954674
22;35;0.043507
22;36;0.114379
22;37;0.082406
22;38;0.884124
22;39;0.969874
22;40;0.116509
22;41;0.962790
22;42;0.946569
22;43;0.060899
22;44;0.968663
22;45;0.979477
22;46;0.972001
22;47;0.889829
22;48;0.993552
22;49;0.013052
22;50;0.978911
22;51;0.083952
22;52;0.889474
22;53;0.942576
22;54;0.918739
22;55;0.972905
22;56;0.921292
22;57;0.944218
22;58;0.891642
22;59;0.899407
22;60;0.930632
22;61;0.962518
22;62;0.099739
22;63;0.922766
22;64;0.885106
22;65;0.899461
22;66;0.859292
22;67;0.932005
22;68;0.024827
22;69;0.976781
22;70;0.900327
22;71;0.907713
22;72;0.948962
22;73;0.859967
22;74;0.940865
22;75;0.921334
22;76;0.978122
22;77;0.918608
22;78;0.925535
22;79;0.982914
22;80;0.900353
22;81;0.928524
23;0;0.531657
23;1;0.195590
23;2;0.284192
23;3;0.488659
23;4;0.152719
23;5;0.662701
23;6;0.020386
23;7;0.933804
23;8;0.677837
23;9;0.895388
23;10;0.566112
23;11;0.896758
23;12;0.819122
23;13;0.666997
23;14;0.950748
23;15;0.618590
23;16;0.807322
23;17;0.427544
23;18;0.995086
23;19;0.955202
23;20;0.546101
23;21;0.407501
23;22;0.917008
23;23;0.000000
23;24;0.793485
23;25;0.544996
23;26;0.252458
23;27;0.406381
23;28;0.962249
23;29;0.989790
23;30;0.231838
23;31;0.069869
23;32;0.354563
23;33;0.243859
23;34;0.706363
23;35;0.945560
23;36;0.978113
23;37;0.992572
23;38;0.163687
23;39;0.503385
23;40;0.950190
23;41;0.807059
23;42;0.671909
23;43;0.905113
23;44;0.380102
23;45;0.676457
23;46;0.625089
23;47;0.151114
23;48;0.964707
23;49;0.952710
23;50;0.508395
23;51;0.953987
23;52;0.178403
23;53;0.582475
23;54;0.225332
23;55;0.454388
23;56;0.795366
23;57;0.623350
23;58;0.163746
23;59;0.525720
23;60;0.788709
23;61;0.789020
23;62;0.890192
23;63;0.723740
23;64;0.196271
23;65;0.131190
23;66;0.359944
23;67;0.512320
23;68;0.888228
23;69;0.862425
23;70;0.764391
23;71;0.303595
23;72;0.697638
23;73;0.186748
23;74;0.283071
23;75;0.780203
23;76;0.364501
23;77;0.595563
23;78;0.570101
23;79;0.665560
23;80;0.207464
23;81;0.267501
24;0;0.655498
24;1;0.542681
24;2;0.626083
24;3;0.250575
24;4;0.641627
24;5;0.460979
24;6;0.788880
24;7;0.992235
24;8;0.516376
24;9;0.943299
24;10;0.797395
24;11;0.951488
24;12;0.472302
24;13;0.578390
24;14;0.974007
24;15;0.565902
24;16;0.828932
24;17;0.562700
24;18;0.994781
24;19;0.957071
24;20;0.307978
24;21;0.691378
24;22;0.970159
24;23;0.793485
24;24;0.000000
24;25;0.642808
24;26;0.816556
24;27;0.790810
24;28;0.890950
24;29;0.951144
24;30;0.836210
24;31;0.821405
24;32;0.436402
24;33;0.527172
24;34;0.859109
24;35;0.931741
24;36;0.985217
24;37;0.992423
24;38;0.724857
24;39;0.672985
24;40;0.964153
24;41;0.915405
24;42;0.800860
24;43;0.954085
24;44;0.679261
24;45;0.461394
24;46;0.828959
24;47;0.668046
24;48;0.944995
24;49;0.984663
24;50;0.702125
24;51;0.978155
24;52;0.511771
24;53;0.694790
24;54;0.816265
24;55;0.240351
24;56;0.817652
24;57;0.822691
24;58;0.796854
24;59;0.297736
24;60;0.593637
24;61;0.573375
24;62;0.975243
24;63;0.376048
24;64;0.475072
24;65;0.461004
24;66;0.463268
24;67;0.783716
24;68;0.974052
24;69;0.783561
24;70;0.841104
24;71;0.811230
24;72;0.729908
24;73;0.650960
24;74;0.567309
24;75;0.837365
24;76;0.635430
24;77;0.705254
24;78;0.402977
24;79;0.732701
24;80;0.814303
24;81;0.576447
25;0;0.595003
25;1;0.579049
25;2;0.578064
25;3;0.384918
25;4;0.396053
25;5;0.409046
25;6;0.533036
25;7;0.895780
25;8;0.726026
25;9;0.905597
25;10;0.696054
25;11;0.918110
25;12;0.257071
25;13;0.587632
25;14;0.977977
25;15;0.543135
25;16;0.802057
25;17;0.184297
25;18;0.995425
25;19;0.971650
25;20;0.570620
25;21;0.522861
25;22;0.932080
25;23;0.544996
25;24;0.642808
25;25;0.000000
25;26;0.217755
25;27;0.206328
25;28;0.964793
25;29;0.905123
25;30;0.567630
25;31;0.593400
25;32;0.534073
25;33;0.302423
25;34;0.639348
25;35;0.892566
25;36;0.988368
25;37;0.992732
25;38;0.323998
25;39;0.579443
25;40;0.980215
25;41;0.786768
25;42;0.518115
25;43;0.980713
25;44;0.401200
25;45;0.489883
25;46;0.555403
25;47;0.310928
25;48;0.959755
25;49;0.916617
25;50;0.482989
25;51;0.979472
25;52;0.503430
25;53;0.613197
25;54;0.572184
25;55;0.341524
25;56;0.267517
25;57;0.835101
25;58;0.598239
25;59;0.342549
25;60;0.367482
25;61;0.723154
25;62;0.982501
25;63;0.236005
25;64;0.574642
25;65;0.516626
25;66;0.312887
25;67;0.289811
25;68;0.888076
25;69;0.847415
25;70;0.764261
25;71;0.407420
25;72;0.459439
25;73;0.410261
25;74;0.568734
25;75;0.760016
25;76;0.360973
25;77;0.668043
25;78;0.161007
25;79;0.457495
25;80;0.567400
25;81;0.578259
26;0;0.567818
26;1;0.377228
26;2;0.414090
26;3;0.509402
26;4;0.231723
26;5;0.516792
26;6;0.252514
26;7;0.867874
26;8;0.742705
26;9;0.855846
26;10;0.620471
26;11;0.866571
26;12;0.458761
26;13;0.719497
26;14;0.956645
26;15;0.690624
26;16;0.855093
26;17;0.265514
26;18;0.995734
26;19;0.958672
26;20;0.598991
26;21;0.500361
26;22;0.891063
26;23;0.252458
26;24;0.816556
26;25;0.217755
26;26;0.000000
26;27;0.275701
26;28;0.962660
26;29;0.926724
26;30;0.481591
26;31;0.293036
26;32;0.558861
26;33;0.200465
26;34;0.661368
26;35;0.885213
26;36;0.982587
26;37;0.994124
26;38;0.155133
26;39;0.624660
26;40;0.962672
26;41;0.738018
26;42;0.564457
26;43;0.921231
26;44;0.403862
26;45;0.601632
26;46;0.740394
26;47;0.111300
26;48;0.966260
26;49;0.906592
26;50;0.535893
26;51;0.957415
26;52;0.318372
26;53;0.513715
26;54;0.477760
26;55;0.423715
26;56;0.435476
26;57;0.694241
26;58;0.361811
26;59;0.351325
26;60;0.536352
26;61;0.823018
26;62;0.908920
26;63;0.458544
26;64;0.390447
26;65;0.345488
26;66;0.194957
26;67;0.304792
26;68;0.831252
26;69;0.884686
26;70;0.802019
26;71;0.392205
26;72;0.619427
26;73;0.248459
26;74;0.401466
26;75;0.804881
26;76;0.387283
26;77;0.599986
26;78;0.303307
26;79;0.518929
26;80;0.322972
26;81;0.499861
27;0;0.626489
27;1;0.512626
27;2;0.580007
27;3;0.556388
27;4;0.246833
27;5;0.470121
27;6;0.388636
27;7;0.915241
27;8;0.806141
27;9;0.896826
27;10;0.784080
27;11;0.907773
27;12;0.275484
27;13;0.645646
27;14;0.978934
27;15;0.611115
27;16;0.827211
27;17;0.099701
27;18;0.995814
27;19;0.979398
27;20;0.693364
27;21;0.391560
27;22;0.923388
27;23;0.406381
27;24;0.790810
27;25;0.206328
27;26;0.275701
27;27;0.000000
27;28;0.982725
27;29;0.901870
27;30;0.320171
27;31;0.434719
27;32;0.447950
27;33;0.218010
27;34;0.574127
27;35;0.894065
27;36;0.985227
27;37;0.993288
27;38;0.145190
27;39;0.643678
27;40;0.977424
27;41;0.758994
27;42;0.792558
27;43;0.978416
27;44;0.441947
27;45;0.751028
27;46;0.682837
27;47;0.198763
27;48;0.964767
27;49;0.923707
27;50;0.667635
27;51;0.980865
27;52;0.510152
27;53;0.822962
27;54;0.399180
27;55;0.511984
27;56;0.244928
27;57;0.843645
27;58;0.493203
27;59;0.438503
27;60;0.383039
27;61;0.740734
27;62;0.974283
27;63;0.287363
27;64;0.506344
27;65;0.453189
27;66;0.415290
27;67;0.233008
27;68;0.906176
27;69;0.869100
27;70;0.829067
27;71;0.182182
27;72;0.691156
27;73;0.282686
27;74;0.558891
27;75;0.825767
27;76;0.391171
27;77;0.619560
27;78;0.157385
27;79;0.767147
27;80;0.529749
27;81;0.399205
28;0;0.875621
28;1;0.875085
28;2;0.896160
28;3;0.922786
28;4;0.914578
28;5;0.891963
28;6;0.971569
28;7;0.168541
28;8;0.863847
28;9;0.147042
28;10;0.904201
28;11;0.120259
28;12;0.948253
28;13;0.974439
28;14;0.027788
28;15;0.975580
28;16;0.988687
28;17;0.931569
28;18;1.000000
28;19;0.014849
28;20;0.861752
28;21;0.959853
28;22;0.130168
28;23;0.962249
28;24;0.890950
28;25;0.964793
28;26;0.962660
28;27;0.982725
28;28;0.000000
28;29;0.204523
28;30;0.964045
28;31;0.931882
28;32;0.880741
28;33;0.901418
28;34;0.973479
28;35;0.191798
28;36;0.030541
28;37;0.055625
28;38;0.958545
28;39;0.988010
28;40;0.025621
28;41;0.980021
28;42;0.927118
28;43;0.082012
28;44;0.968383
28;45;0.941574
28;46;0.967616
28;47;0.946244
28;48;0.995009
28;49;0.128158
28;50;0.985336
28;51;0.061597
28;52;0.878906
28;53;0.953053
28;54;0.923866
28;55;0.919335
28;56;0.994348
28;57;0.977772
28;58;0.922797
28;59;0.929307
28;60;0.966637
28;61;0.959252
28;62;0.041784
28;63;0.944809
28;64;0.875031
28;65;0.895808
28;66;0.878319
28;67;0.987538
28;68;0.133074
28;69;0.973981
28;70;0.892509
28;71;0.937970
28;72;0.961919
28;73;0.896989
28;74;0.940230
28;75;0.908612
28;76;0.971796
28;77;0.925346
28;78;0.941619
28;79;0.969069
28;80;0.938850
28;81;0.911941
29;0;0.982748
29;1;0.977778
29;2;0.983010
29;3;0.963575
29;4;0.940491
29;5;0.917610
29;6;0.990675
29;7;0.016691
29;8;0.976712
29;9;0.032556
29;10;0.992368
29;11;0.051382
29;12;0.865304
29;13;0.985823
29;14;0.187452
29;15;0.985833
29;16;0.991463
29;17;0.894225
29;18;1.000000
29;19;0.212202
29;20;0.966945
29;21;0.965070
29;22;0.049964
29;23;0.989790
29;24;0.951144
29;25;0.905123
29;26;0.926724
29;27;0.901870
29;28;0.204523
29;29;0.000000
29;30;0.992347
29;31;0.991350
29;32;0.974612
29;33;0.916751
29;34;0.959611
29;35;0.014711
29;36;0.180148
29;37;0.139533
29;38;0.917178
29;39;0.990972
29;40;0.208458
29;41;0.972451
29;42;0.991287
29;43;0.164703
29;44;0.981298
29;45;0.974891
29;46;0.992473
29;47;0.925555
29;48;0.996272
29;49;0.035622
29;50;0.994239
29;51;0.127007
29;52;0.976555
29;53;0.974317
29;54;0.991921
29;55;0.964436
29;56;0.881380
29;57;0.984332
29;58;0.990504
29;59;0.901962
29;60;0.903038
29;61;0.971734
29;62;0.183943
29;63;0.885947
29;64;0.974553
29;65;0.974791
29;66;0.920615
29;67;0.921727
29;68;0.048128
29;69;0.981527
29;70;0.994863
29;71;0.949996
29;72;0.961388
29;73;0.942773
29;74;0.978378
29;75;0.995128
29;76;0.985159
29;77;0.959364
29;78;0.888154
29;79;0.990945
29;80;0.993237
29;81;0.978708
30;0;0.397924
30;1;0.257248
30;2;0.389760
30;3;0.589016
30;4;0.238717
30;5;0.739656
30;6;0.191010
30;7;0.992090
30;8;0.740682
30;9;0.953043
30;10;0.735841
30;11;0.953665
30;12;0.869033
30;13;0.713472
30;14;0.955561
30;15;0.707601
30;16;0.883646
30;17;0.352525
30;18;0.995606
30;19;0.939970
30;20;0.569694
30;21;0.300459
30;22;0.954089
30;23;0.231838
30;24;0.836210
30;25;0.567630
30;26;0.481591
30;27;0.320171
30;28;0.964045
30;29;0.992347
30;30;0.000000
30;31;0.158725
30;32;0.209521
30;33;0.326841
30;34;0.642499
30;35;0.973476
30;36;0.986412
30;37;0.995303
30;38;0.345515
30;39;0.777641
30;40;0.948711
30;41;0.825720
30;42;0.794249
30;43;0.973698
30;44;0.329681
30;45;0.816082
30;46;0.562693
30;47;0.303963
30;48;0.964083
30;49;0.957376
30;50;0.796203
30;51;0.979433
30;52;0.283221
30;53;0.852109
30;54;0.114615
30;55;0.469279
30;56;0.881439
30;57;0.874983
30;58;0.257561
30;59;0.829838
30;60;0.829796
30;61;0.751515
30;62;0.968867
30;63;0.798259
30;64;0.263154
30;65;0.240996
30;66;0.568573
30;67;0.514837
30;68;0.971361
30;69;0.888633
30;70;0.689200
30;71;0.097172
30;72;0.757885
30;73;0.250246
30;74;0.441128
30;75;0.748553
30;76;0.294353
30;77;0.627390
30;78;0.530247
30;79;0.817368
30;80;0.310240
30;81;0.075571
31;0;0.335943
31;1;0.094123
31;2;0.232816
31;3;0.584346
31;4;0.097514
31;5;0.608349
31;6;0.053792
31;7;0.945384
31;8;0.549184
31;9;0.878248
31;10;0.483575
31;11;0.881389
31;12;0.862053
31;13;0.694944
31;14;0.930229
31;15;0.687597
31;16;0.863229
31;17;0.417700
31;18;0.995690
31;19;0.907466
31;20;0.474009
31;21;0.397963
31;22;0.892377
31;23;0.069869
31;24;0.821405
31;25;0.593400
31;26;0.293036
31;27;0.434719
31;28;0.931882
31;29;0.991350
31;30;0.158725
31;31;0.000000
31;32;0.256363
31;33;0.200021
31;34;0.677681
31;35;0.947386
31;36;0.979525
31;37;0.993836
31;38;0.213839
31;39;0.652113
31;40;0.924681
31;41;0.794089
31;42;0.695583
31;43;0.910218
31;44;0.380542
31;45;0.785119
31;46;0.611957
31;47;0.172329
31;48;0.968114
31;49;0.932854
31;50;0.682521
31;51;0.953656
31;52;0.125474
31;53;0.673427
31;54;0.153492
31;55;0.504562
31;56;0.869351
31;57;0.669131
31;58;0.096970
31;59;0.608918
31;60;0.831058
31;61;0.770025
31;62;0.896275
31;63;0.787518
31;64;0.112780
31;65;0.111098
31;66;0.329573
31;67;0.515835
31;68;0.900323
31;69;0.885041
31;70;0.592295
31;71;0.194448
31;72;0.687842
31;73;0.106305
31;74;0.329198
31;75;0.657273
31;76;0.361772
31;77;0.543823
31;78;0.576487
31;79;0.762186
31;80;0.129815
31;81;0.152405
32;0;0.153136
32;1;0.109930
32;2;0.247974
32;3;0.322802
32;4;0.187007
32;5;0.332987
32;6;0.341386
32;7;0.991120
32;8;0.309289
32;9;0.921436
32;10;0.429474
32;11;0.926444
32;12;0.650698
32;13;0.584262
32;14;0.936514
32;15;0.540552
32;16;0.799181
32;17;0.294749
32;18;0.995266
32;19;0.884909
32;20;0.140078
32;21;0.390287
32;22;0.919218
32;23;0.354563
32;24;0.436402
32;25;0.534073
32;26;0.558861
32;27;0.447950
32;28;0.880741
32;29;0.974612
32;30;0.209521
32;31;0.256363
32;32;0.000000
32;33;0.212302
32;34;0.649597
32;35;0.954019
32;36;0.985943
32;37;0.992847
32;38;0.404581
32;39;0.575122
32;40;0.921010
32;41;0.860937
32;42;0.576473
32;43;0.963693
32;44;0.381794
32;45;0.599440
32;46;0.564630
32;47;0.381508
32;48;0.960719
32;49;0.937382
32;50;0.600710
32;51;0.976334
32;52;0.139098
32;53;0.776672
32;54;0.102807
32;55;0.292833
32;56;0.773295
32;57;0.829387
32;58;0.267796
32;59;0.533850
32;60;0.680384
32;61;0.703371
32;62;0.970885
32;63;0.536234
32;64;0.101521
32;65;0.113129
32;66;0.300567
32;67;0.570856
32;68;0.971461
32;69;0.835753
32;70;0.370771
32;71;0.167163
32;72;0.681750
32;73;0.156311
32;74;0.411454
32;75;0.453012
32;76;0.346931
32;77;0.525287
32;78;0.408976
32;79;0.725810
32;80;0.275656
32;81;0.093837
33;0;0.339349
33;1;0.134982
33;2;0.259358
33;3;0.412022
33;4;0.031979
33;5;0.250526
33;6;0.248634
33;7;0.901821
33;8;0.411516
33;9;0.834087
33;10;0.460497
33;11;0.845624
33;12;0.333758
33;13;0.698247
33;14;0.937079
33;15;0.661961
33;16;0.849749
33;17;0.104262
33;18;0.996568
33;19;0.904793
33;20;0.310813
33;21;0.398518
33;22;0.867641
33;23;0.243859
33;24;0.527172
33;25;0.302423
33;26;0.200465
33;27;0.218010
33;28;0.901418
33;29;0.916751
33;30;0.326841
33;31;0.200021
33;32;0.212302
33;33;0.000000
33;34;0.591179
33;35;0.881616
33;36;0.982656
33;37;0.994446
33;38;0.089022
33;39;0.611241
33;40;0.927078
33;41;0.753308
33;42;0.627477
33;43;0.922058
33;44;0.468086
33;45;0.624976
33;46;0.651769
33;47;0.079349
33;48;0.968172
33;49;0.896659
33;50;0.614667
33;51;0.961922
33;52;0.141130
33;53;0.665620
33;54;0.268920
33;55;0.360369
33;56;0.434500
33;57;0.746465
33;58;0.233791
33;59;0.238504
33;60;0.473895
33;61;0.760713
33;62;0.920741
33;63;0.328701
33;64;0.128179
33;65;0.136117
33;66;0.083887
33;67;0.350664
33;68;0.871520
33;69;0.869763
33;70;0.544703
33;71;0.175237
33;72;0.578335
33;73;0.046053
33;74;0.347149
33;75;0.603464
33;76;0.437648
33;77;0.450167
33;78;0.204317
33;79;0.726078
33;80;0.273641
33;81;0.214368
34;0;0.709276
34;1;0.682158
34;2;0.723621
34;3;0.762929
34;4;0.600789
34;5;0.694303
34;6;0.692434
34;7;0.962936
34;8;0.811589
34;9;0.945068
34;10;0.815684
34;11;0.950522
34;12;0.685549
34;13;0.808399
34;14;0.977877
34;15;0.799520
34;16;0.918872
34;17;0.558441
34;18;0.997940
34;19;0.965521
34;20;0.749717
34;21;0.698207
34;22;0.954674
34;23;0.706363
34;24;0.859109
34;25;0.639348
34;26;0.661368
34;27;0.574127
34;28;0.973479
34;29;0.959611
34;30;0.642499
34;31;0.677681
34;32;0.649597
34;33;0.591179
34;34;0.000000
34;35;0.952743
34;36;0.994060
34;37;0.996836
34;38;0.613459
34;39;0.834913
34;40;0.974386
34;41;0.895140
34;42;0.830845
34;43;0.987988
34;44;0.711718
34;45;0.847932
34;46;0.822435
34;47;0.617901
34;48;0.982574
34;49;0.954480
34;50;0.832718
34;51;0.989762
34;52;0.684379
34;53;0.895469
34;54;0.645222
34;55;0.738720
34;56;0.691105
34;57;0.924906
34;58;0.697504
34;59;0.735251
34;60;0.731466
34;61;0.860399
34;62;0.987678
34;63;0.678538
34;64;0.684097
34;65;0.673872
34;66;0.668581
34;67;0.665808
34;68;0.956924
34;69;0.937661
34;70;0.801363
34;71;0.566689
34;72;0.754717
34;73;0.604943
34;74;0.445131
34;75;0.827348
34;76;0.695935
34;77;0.786788
34;78;0.619309
34;79;0.846184
34;80;0.708120
34;81;0.644882
35;0;0.969843
35;1;0.937153
35;2;0.945208
35;3;0.948519
35;4;0.906719
35;5;0.910449
35;6;0.956549
35;7;0.021601
35;8;0.966763
35;9;0.016659
35;10;0.981779
35;11;0.037066
35;12;0.861294
35;13;0.976256
35;14;0.163047
35;15;0.977311
35;16;0.991883
35;17;0.875263
35;18;0.999711
35;19;0.195816
35;20;0.949658
35;21;0.944119
35;22;0.043507
35;23;0.945560
35;24;0.931741
35;25;0.892566
35;26;0.885213
35;27;0.894065
35;28;0.191798
35;29;0.014711
35;30;0.973476
35;31;0.947386
35;32;0.954019
35;33;0.881616
35;34;0.952743
35;35;0.000000
35;36;0.175406
35;37;0.140420
35;38;0.883462
35;39;0.987659
35;40;0.185484
35;41;0.956506
35;42;0.974700
35;43;0.149766
35;44;0.972615
35;45;0.953404
35;46;0.981848
35;47;0.883893
35;48;0.993596
35;49;0.028267
35;50;0.982894
35;51;0.119770
35;52;0.932126
35;53;0.950567
35;54;0.973432
35;55;0.941070
35;56;0.884921
35;57;0.978092
35;58;0.953229
35;59;0.882215
35;60;0.896588
35;61;0.964969
35;62;0.160094
35;63;0.878004
35;64;0.933885
35;65;0.934962
35;66;0.881024
35;67;0.917724
35;68;0.030382
35;69;0.977266
35;70;0.989168
35;71;0.934789
35;72;0.950106
35;73;0.907990
35;74;0.942935
35;75;0.992655
35;76;0.975283
35;77;0.934665
35;78;0.880463
35;79;0.966463
35;80;0.975035
35;81;0.954251
36;0;0.986518
36;1;0.981838
36;2;0.984387
36;3;0.981990
36;4;0.982002
36;5;0.990509
36;6;0.982890
36;7;0.142512
36;8;0.988720
36;9;0.143603
36;10;0.990171
36;11;0.111166
36;12;0.989385
36;13;0.980930
36;14;0.015476
36;15;0.982036
36;16;0.988078
36;17;0.986659
36;18;1.000000
36;19;0.026089
36;20;0.987766
36;21;0.985540
36;22;0.114379
36;23;0.978113
36;24;0.985217
36;25;0.988368
36;26;0.982587
36;27;0.985227
36;28;0.030541
36;29;0.180148
36;30;0.986412
36;31;0.979525
36;32;0.985943
36;33;0.982656
36;34;0.994060
36;35;0.175406
36;36;0.000000
36;37;0.019746
36;38;0.981265
36;39;0.987403
36;40;0.029167
36;41;0.992405
36;42;0.988390
36;43;0.044882
36;44;0.983257
36;45;0.985699
36;46;0.992394
36;47;0.983218
36;48;0.997175
36;49;0.115302
36;50;0.991937
36;51;0.043383
36;52;0.982094
36;53;0.974310
36;54;0.986568
36;55;0.984175
36;56;0.995207
36;57;0.978016
36;58;0.982036
36;59;0.986986
36;60;0.988274
36;61;0.970552
36;62;0.017717
36;63;0.987131
36;64;0.981950
36;65;0.981475
36;66;0.982946
36;67;0.990732
36;68;0.114178
36;69;0.980341
36;70;0.992883
36;71;0.987644
36;72;0.994724
36;73;0.982121
36;74;0.983930
36;75;0.994059
36;76;0.985448
36;77;0.988540
36;78;0.987094
36;79;0.988253
36;80;0.991333
36;81;0.986154
37;0;0.991549
37;1;0.993930
37;2;0.994493
37;3;0.983345
37;4;0.993731
37;5;0.990835
37;6;0.992640
37;7;0.104963
37;8;0.989406
37;9;0.128797
37;10;0.988695
37;11;0.096856
37;12;0.992566
37;13;0.980640
37;14;0.025962
37;15;0.981880
37;16;0.985666
37;17;0.993776
37;18;0.999714
37;19;0.048885
37;20;0.990512
37;21;0.993858
37;22;0.082406
37;23;0.992572
37;24;0.992423
37;25;0.992732
37;26;0.994124
37;27;0.993288
37;28;0.055625
37;29;0.139533
37;30;0.995303
37;31;0.993836
37;32;0.992847
37;33;0.994446
37;34;0.996836
37;35;0.140420
37;36;0.019746
37;37;0.000000
37;38;0.993653
37;39;0.985033
37;40;0.035409
37;41;0.998901
37;42;0.986297
37;43;0.031435
37;44;0.984303
37;45;0.990057
37;46;0.995947
37;47;0.996239
37;48;0.997571
37;49;0.083182
37;50;0.990503
37;51;0.027511
37;52;0.994061
37;53;0.975619
37;54;0.992322
37;55;0.991476
37;56;0.994480
37;57;0.973934
37;58;0.993746
37;59;0.991765
37;60;0.993179
37;61;0.974866
37;62;0.035829
37;63;0.991067
37;64;0.994333
37;65;0.992827
37;66;0.993800
37;67;0.993825
37;68;0.100040
37;69;0.980987
37;70;0.992054
37;71;0.994297
37;72;0.997163
37;73;0.994045
37;74;0.993894
37;75;0.992483
37;76;0.985865
37;77;0.997170
37;78;0.991758
37;79;0.988132
37;80;0.993238
37;81;0.994707
38;0;0.590128
38;1;0.289391
38;2;0.391153
38;3;0.526978
38;4;0.085740
38;5;0.436103
38;6;0.176210
38;7;0.893970
38;8;0.686063
38;9;0.843492
38;10;0.644417
38;11;0.854304
38;12;0.369764
38;13;0.711165
38;14;0.958587
38;15;0.667189
38;16;0.835811
38;17;0.167588
38;18;0.996026
38;19;0.960650
38;20;0.560876
38;21;0.405263
38;22;0.884124
38;23;0.163687
38;24;0.724857
38;25;0.323998
38;26;0.155133
38;27;0.145190
38;28;0.958545
38;29;0.917178
38;30;0.345515
38;31;0.213839
38;32;0.404581
38;33;0.089022
38;34;0.613459
38;35;0.883462
38;36;0.981265
38;37;0.993653
38;38;0.000000
38;39;0.571206
38;40;0.954036
38;41;0.738850
38;42;0.802697
38;43;0.915730
38;44;0.476721
38;45;0.747458
38;46;0.676554
38;47;0.042662
38;48;0.967574
38;49;0.920614
38;50;0.616601
38;51;0.961751
38;52;0.295773
38;53;0.689332
38;54;0.346695
38;55;0.509575
38;56;0.372891
38;57;0.689779
38;58;0.296173
38;59;0.285641
38;60;0.481042
38;61;0.799665
38;62;0.906297
38;63;0.372774
38;64;0.279126
38;65;0.231449
38;66;0.226510
38;67;0.306444
38;68;0.860413
38;69;0.871643
38;70;0.809229
38;71;0.238385
38;72;0.627470
38;73;0.130405
38;74;0.371189
38;75;0.821322
38;76;0.457701
38;77;0.528704
38;78;0.255241
38;79;0.806570
38;80;0.334939
38;81;0.341574
39;0;0.628844
39;1;0.654017
39;2;0.618107
39;3;0.279030
39;4;0.551257
39;5;0.405867
39;6;0.537698
39;7;0.975493
39;8;0.497017
39;9;0.966590
39;10;0.375194
39;11;0.965755
39;12;0.652077
39;13;0.274465
39;14;0.989324
39;15;0.163680
39;16;0.530189
39;17;0.683864
39;18;0.987761
39;19;0.986568
39;20;0.491461
39;21;0.775480
39;22;0.969874
39;23;0.503385
39;24;0.672985
39;25;0.579443
39;26;0.624660
39;27;0.643678
39;28;0.988010
39;29;0.990972
39;30;0.777641
39;31;0.652113
39;32;0.575122
39;33;0.611241
39;34;0.834913
39;35;0.987659
39;36;0.987403
39;37;0.985033
39;38;0.571206
39;39;0.000000
39;40;0.979931
39;41;0.955168
39;42;0.449782
39;43;0.966107
39;44;0.464339
39;45;0.509937
39;46;0.784315
39;47;0.701355
39;48;0.959100
39;49;0.990642
39;50;0.079997
39;51;0.987902
39;52;0.634292
39;53;0.596049
39;54;0.573175
39;55;0.521929
39;56;0.513409
39;57;0.491013
39;58;0.604553
39;59;0.453319
39;60;0.598133
39;61;0.639156
39;62;0.963138
39;63;0.442535
39;64;0.653805
39;65;0.546299
39;66;0.561009
39;67;0.603820
39;68;0.963881
39;69;0.740486
39;70;0.561517
39;71;0.698197
39;72;0.808915
39;73;0.596170
39;74;0.636431
39;75;0.539338
39;76;0.413095
39;77;0.825462
39;78;0.587552
39;79;0.517029
39;80;0.523483
39;81;0.809137
40;0;0.908285
40;1;0.911794
40;2;0.925939
40;3;0.961167
40;4;0.924260
40;5;0.933113
40;6;0.960834
40;7;0.159034
40;8;0.911960
40;9;0.151991
40;10;0.923562
40;11;0.114851
40;12;0.977832
40;13;0.967929
40;14;0.008581
40;15;0.967906
40;16;0.980764
40;17;0.950501
40;18;0.999320
40;19;0.018547
40;20;0.921734
40;21;0.963757
40;22;0.116509
40;23;0.950190
40;24;0.964153
40;25;0.980215
40;26;0.962672
40;27;0.977424
40;28;0.025621
40;29;0.208458
40;30;0.948711
40;31;0.924681
40;32;0.921010
40;33;0.927078
40;34;0.974386
40;35;0.185484
40;36;0.029167
40;37;0.035409
40;38;0.954036
40;39;0.979931
40;40;0.000000
40;41;0.981165
40;42;0.946972
40;43;0.055699
40;44;0.958505
40;45;0.972720
40;46;0.971723
40;47;0.955284
40;48;0.991707
40;49;0.117172
40;50;0.986963
40;51;0.052935
40;52;0.919742
40;53;0.952725
40;54;0.928548
40;55;0.968461
40;56;0.991126
40;57;0.963493
40;58;0.921641
40;59;0.972053
40;60;0.978931
40;61;0.948158
40;62;0.033383
40;63;0.973724
40;64;0.916270
40;65;0.929047
40;66;0.925067
40;67;0.987043
40;68;0.126345
40;69;0.964575
40;70;0.905263
40;71;0.932870
40;72;0.977224
40;73;0.918695
40;74;0.960158
40;75;0.929484
40;76;0.970246
40;77;0.949074
40;78;0.974856
40;79;0.980511
40;80;0.945176
40;81;0.929200
41;0;0.884501
41;1;0.818145
41;2;0.858869
41;3;0.874033
41;4;0.767459
41;5;0.865662
41;6;0.805132
41;7;0.968880
41;8;0.939726
41;9;0.949434
41;10;0.953058
41;11;0.952879
41;12;0.811835
41;13;0.948690
41;14;0.982245
41;15;0.951931
41;16;0.971681
41;17;0.774418
41;18;0.693868
41;19;0.981603
41;20;0.895016
41;21;0.249585
41;22;0.962790
41;23;0.807059
41;24;0.915405
41;25;0.786768
41;26;0.738018
41;27;0.758994
41;28;0.980021
41;29;0.972451
41;30;0.825720
41;31;0.794089
41;32;0.860937
41;33;0.753308
41;34;0.895140
41;35;0.956506
41;36;0.992405
41;37;0.998901
41;38;0.738850
41;39;0.955168
41;40;0.981165
41;41;0.000000
41;42;0.975240
41;43;0.972865
41;44;0.836487
41;45;0.953045
41;46;0.928607
41;47;0.732986
41;48;0.985045
41;49;0.970989
41;50;0.969107
41;51;0.981029
41;52;0.823806
41;53;0.917541
41;54;0.862405
41;55;0.844843
41;56;0.838650
41;57;0.914530
41;58;0.828746
41;59;0.822350
41;60;0.730483
41;61;0.930099
41;62;0.970708
41;63;0.837019
41;64;0.817079
41;65;0.820601
41;66;0.776383
41;67;0.690097
41;68;0.955015
41;69;0.712182
41;70;0.983048
41;71;0.804356
41;72;0.892613
41;73;0.779041
41;74;0.833199
41;75;0.841995
41;76;0.825630
41;77;0.130582
41;78;0.756334
41;79;0.970899
41;80;0.846048
41;81;0.823438
42;0;0.443186
42;1;0.588687
42;2;0.502269
42;3;0.405466
42;4;0.653251
42;5;0.452901
42;6;0.720248
42;7;0.931279
42;8;0.399177
42;9;0.959893
42;10;0.272053
42;11;0.959575
42;12;0.792689
42;13;0.540463
42;14;0.950125
42;15;0.497790
42;16;0.689130
42;17;0.622717
42;18;0.989821
42;19;0.903719
42;20;0.467968
42;21;0.820767
42;22;0.946569
42;23;0.671909
42;24;0.800860
42;25;0.518115
42;26;0.564457
42;27;0.792558
42;28;0.927118
42;29;0.991287
42;30;0.794249
42;31;0.695583
42;32;0.576473
42;33;0.627477
42;34;0.830845
42;35;0.974700
42;36;0.988390
42;37;0.986297
42;38;0.802697
42;39;0.449782
42;40;0.946972
42;41;0.975240
42;42;0.000000
42;43;0.987708
42;44;0.560907
42;45;0.336591
42;46;0.818428
42;47;0.760832
42;48;0.962406
42;49;0.916097
42;50;0.269272
42;51;0.974053
42;52;0.472636
42;53;0.338291
42;54;0.547962
42;55;0.496161
42;56;0.729347
42;57;0.632693
42;58;0.579851
42;59;0.689205
42;60;0.768300
42;61;0.685176
42;62;0.987929
42;63;0.683856
42;64;0.629831
42;65;0.610204
42;66;0.482761
42;67;0.787457
42;68;0.923631
42;69;0.772789
42;70;0.319062
42;71;0.666468
42;72;0.822244
42;73;0.609910
42;74;0.717847
42;75;0.363615
42;76;0.558933
42;77;0.809874
42;78;0.755981
42;79;0.158623
42;80;0.572781
42;81;0.754553
43;0;0.969424
43;1;0.914689
43;2;0.928294
43;3;0.963147
43;4;0.918384
43;5;0.964440
43;6;0.916306
43;7;0.123695
43;8;0.955592
43;9;0.129467
43;10;0.954480
43;11;0.080050
43;12;0.974892
43;13;0.975044
43;14;0.039381
43;15;0.975474
43;16;0.987305
43;17;0.969154
43;18;0.999636
43;19;0.067781
43;20;0.954088
43;21;0.968567
43;22;0.060899
43;23;0.905113
43;24;0.954085
43;25;0.980713
43;26;0.921231
43;27;0.978416
43;28;0.082012
43;29;0.164703
43;30;0.973698
43;31;0.910218
43;32;0.963693
43;33;0.922058
43;34;0.987988
43;35;0.149766
43;36;0.044882
43;37;0.031435
43;38;0.915730
43;39;0.966107
43;40;0.055699
43;41;0.972865
43;42;0.987708
43;43;0.000000
43;44;0.977117
43;45;0.972914
43;46;0.984421
43;47;0.913740
43;48;0.993686
43;49;0.081998
43;50;0.976076
43;51;0.051572
43;52;0.916728
43;53;0.936165
43;54;0.967016
43;55;0.961924
43;56;0.994079
43;57;0.937533
43;58;0.920692
43;59;0.923535
43;60;0.979171
43;61;0.961192
43;62;0.031287
43;63;0.972078
43;64;0.913669
43;65;0.914691
43;66;0.913927
43;67;0.975294
43;68;0.083921
43;69;0.975927
43;70;0.989649
43;71;0.976531
43;72;0.967414
43;73;0.921629
43;74;0.924900
43;75;0.993204
43;76;0.978615
43;77;0.950996
43;78;0.971508
43;79;0.984702
43;80;0.937305
43;81;0.956666
44;0;0.447946
44;1;0.448504
44;2;0.509399
44;3;0.274098
44;4;0.428501
44;5;0.627700
44;6;0.332413
44;7;0.974592
44;8;0.681291
44;9;0.966045
44;10;0.647828
44;11;0.969665
44;12;0.743819
44;13;0.448059
44;14;0.966980
44;15;0.401490
44;16;0.686356
44;17;0.475901
44;18;0.989195
44;19;0.961228
44;20;0.482785
44;21;0.452653
44;22;0.968663
44;23;0.380102
44;24;0.679261
44;25;0.401200
44;26;0.403862
44;27;0.441947
44;28;0.968383
44;29;0.981298
44;30;0.329681
44;31;0.380542
44;32;0.381794
44;33;0.468086
44;34;0.711718
44;35;0.972615
44;36;0.983257
44;37;0.984303
44;38;0.476721
44;39;0.464339
44;40;0.958505
44;41;0.836487
44;42;0.560907
44;43;0.977117
44;44;0.000000
44;45;0.581658
44;46;0.647412
44;47;0.457573
44;48;0.911333
44;49;0.967774
44;50;0.485437
44;51;0.974521
44;52;0.426640
44;53;0.541100
44;54;0.361367
44;55;0.300329
44;56;0.716825
44;57;0.602939
44;58;0.445282
44;59;0.650113
44;60;0.707760
44;61;0.576907
44;62;0.977951
44;63;0.602307
44;64;0.454182
44;65;0.391159
44;66;0.501130
44;67;0.430615
44;68;0.960027
44;69;0.711284
44;70;0.697013
44;71;0.373072
44;72;0.734223
44;73;0.441084
44;74;0.476334
44;75;0.719758
44;76;0.083642
44;77;0.724174
44;78;0.411040
44;79;0.540781
44;80;0.369590
44;81;0.376903
45;0;0.667647
45;1;0.651786
45;2;0.593771
45;3;0.301384
45;4;0.700339
45;5;0.569253
45;6;0.707147
45;7;0.945490
45;8;0.630084
45;9;0.969227
45;10;0.627344
45;11;0.971619
45;12;0.642457
45;13;0.520343
45;14;0.972435
45;15;0.476171
45;16;0.754622
45;17;0.589030
45;18;0.993676
45;19;0.965390
45;20;0.489313
45;21;0.743826
45;22;0.979477
45;23;0.676457
45;24;0.461394
45;25;0.489883
45;26;0.601632
45;27;0.751028
45;28;0.941574
45;29;0.974891
45;30;0.816082
45;31;0.785119
45;32;0.599440
45;33;0.624976
45;34;0.847932
45;35;0.953404
45;36;0.985699
45;37;0.990057
45;38;0.747458
45;39;0.509937
45;40;0.972720
45;41;0.953045
45;42;0.336591
45;43;0.972914
45;44;0.581658
45;45;0.000000
45;46;0.819913
45;47;0.682032
45;48;0.953766
45;49;0.955718
45;50;0.358780
45;51;0.972974
45;52;0.523349
45;53;0.433220
45;54;0.722164
45;55;0.313214
45;56;0.742549
45;57;0.767002
45;58;0.717989
45;59;0.495095
45;60;0.658390
45;61;0.615385
45;62;0.980093
45;63;0.519007
45;64;0.635914
45;65;0.565534
45;66;0.510375
45;67;0.754052
45;68;0.932007
45;69;0.788532
45;70;0.712212
45;71;0.787837
45;72;0.783871
45;73;0.694096
45;74;0.435623
45;75;0.708177
45;76;0.538583
45;77;0.813146
45;78;0.589300
45;79;0.266777
45;80;0.716268
45;81;0.741728
46;0;0.663926
46;1;0.612557
46;2;0.662497
46;3;0.704516
46;4;0.620553
46;5;0.784855
46;6;0.615019
46;7;0.991731
46;8;0.805840
46;9;0.973330
46;10;0.808198
46;11;0.974801
46;12;0.874580
46;13;0.775876
46;14;0.975454
46;15;0.758469
46;16;0.895930
46;17;0.660859
46;18;0.997456
46;19;0.966772
46;20;0.679518
46;21;0.670125
46;22;0.972001
46;23;0.625089
46;24;0.828959
46;25;0.555403
46;26;0.740394
46;27;0.682837
46;28;0.967616
46;29;0.992473
46;30;0.562693
46;31;0.611957
46;32;0.564630
46;33;0.651769
46;34;0.822435
46;35;0.981848
46;36;0.992394
46;37;0.995947
46;38;0.676554
46;39;0.784315
46;40;0.971723
46;41;0.928607
46;42;0.818428
46;43;0.984421
46;44;0.647412
46;45;0.819913
46;46;0.000000
46;47;0.666690
46;48;0.978873
46;49;0.976392
46;50;0.786173
46;51;0.986722
46;52;0.613325
46;53;0.876840
46;54;0.547630
46;55;0.683041
46;56;0.884368
46;57;0.907521
46;58;0.642962
46;59;0.830129
46;60;0.860802
46;61;0.849110
46;62;0.984115
46;63;0.811684
46;64;0.610681
46;65;0.583684
46;66;0.721311
46;67;0.761061
46;68;0.981104
46;69;0.921964
46;70;0.795462
46;71;0.579521
46;72;0.104170
46;73;0.611926
46;74;0.709873
46;75;0.821926
46;76;0.637247
46;77;0.802414
46;78;0.736472
46;79;0.825898
46;80;0.640915
46;81;0.572423
47;0;0.565496
47;1;0.228040
47;2;0.335083
47;3;0.518994
47;4;0.096394
47;5;0.516477
47;6;0.142866
47;7;0.889568
47;8;0.718977
47;9;0.848493
47;10;0.694721
47;11;0.859858
47;12;0.436177
47;13;0.741991
47;14;0.955090
47;15;0.733111
47;16;0.898454
47;17;0.164778
47;18;0.996939
47;19;0.957270
47;20;0.545619
47;21;0.368914
47;22;0.889829
47;23;0.151114
47;24;0.668046
47;25;0.310928
47;26;0.111300
47;27;0.198763
47;28;0.946244
47;29;0.925555
47;30;0.303963
47;31;0.172329
47;32;0.381508
47;33;0.079349
47;34;0.617901
47;35;0.883893
47;36;0.983218
47;37;0.996239
47;38;0.042662
47;39;0.701355
47;40;0.955284
47;41;0.732986
47;42;0.760832
47;43;0.913740
47;44;0.457573
47;45;0.682032
47;46;0.666690
47;47;0.000000
47;48;0.970423
47;49;0.918933
47;50;0.679144
47;51;0.957845
47;52;0.204778
47;53;0.637204
47;54;0.353271
47;55;0.412627
47;56;0.505684
47;57;0.737313
47;58;0.268527
47;59;0.309463
47;60;0.543465
47;61;0.788778
47;62;0.906609
47;63;0.443349
47;64;0.216944
47;65;0.179181
47;66;0.196023
47;67;0.336037
47;68;0.852725
47;69;0.901186
47;70;0.851512
47;71;0.244393
47;72;0.607268
47;73;0.126667
47;74;0.318808
47;75;0.867298
47;76;0.421916
47;77;0.512660
47;78;0.267023
47;79;0.703241
47;80;0.307640
47;81;0.270490
48;0;0.960849
48;1;0.965786
48;2;0.971583
48;3;0.935089
48;4;0.968197
48;5;0.956047
48;6;0.964290
48;7;0.997441
48;8;0.959428
48;9;0.992630
48;10;0.964952
48;11;0.992858
48;12;0.963055
48;13;0.918078
48;14;0.995012
48;15;0.917558
48;16;0.960298
48;17;0.967598
48;18;0.996576
48;19;0.993503
48;20;0.954447
48;21;0.967990
48;22;0.993552
48;23;0.964707
48;24;0.944995
48;25;0.959755
48;26;0.966260
48;27;0.964767
48;28;0.995009
48;29;0.996272
48;30;0.964083
48;31;0.968114
48;32;0.960719
48;33;0.968172
48;34;0.982574
48;35;0.993596
48;36;0.997175
48;37;0.997571
48;38;0.967574
48;39;0.959100
48;40;0.991707
48;41;0.985045
48;42;0.962406
48;43;0.993686
48;44;0.911333
48;45;0.953766
48;46;0.978873
48;47;0.970423
48;48;0.000000
48;49;0.995482
48;50;0.972811
48;51;0.996551
48;52;0.966469
48;53;0.916569
48;54;0.967462
48;55;0.942567
48;56;0.975027
48;57;0.920744
48;58;0.969429
48;59;0.955507
48;60;0.961382
48;61;0.900122
48;62;0.994084
48;63;0.951084
48;64;0.965327
48;65;0.962630
48;66;0.964288
48;67;0.535569
48;68;0.993223
48;69;0.935826
48;70;0.972564
48;71;0.966302
48;72;0.983597
48;73;0.965937
48;74;0.964797
48;75;0.975673
48;76;0.932893
48;77;0.982059
48;78;0.958544
48;79;0.950103
48;80;0.969456
48;81;0.963573
49;0;0.915333
49;1;0.922306
49;2;0.925322
49;3;0.970778
49;4;0.909040
49;5;0.907942
49;6;0.964756
49;7;0.026081
49;8;0.924409
49;9;0.031264
49;10;0.922231
49;11;0.019271
49;12;0.917535
49;13;0.982239
49;14;0.101121
49;15;0.982009
49;16;0.991201
49;17;0.897070
49;18;1.000000
49;19;0.120557
49;20;0.936697
49;21;0.959647
49;22;0.013052
49;23;0.952710
49;24;0.984663
49;25;0.916617
49;26;0.906592
49;27;0.923707
49;28;0.128158
49;29;0.035622
49;30;0.957376
49;31;0.932854
49;32;0.937382
49;33;0.896659
49;34;0.954480
49;35;0.028267
49;36;0.115302
49;37;0.083182
49;38;0.920614
49;39;0.990642
49;40;0.117172
49;41;0.970989
49;42;0.916097
49;43;0.081998
49;44;0.967774
49;45;0.955718
49;46;0.976392
49;47;0.918933
49;48;0.995482
49;49;0.000000
49;50;0.973785
49;51;0.070675
49;52;0.918866
49;53;0.947913
49;54;0.935207
49;55;0.964881
49;56;0.920667
49;57;0.983728
49;58;0.926415
49;59;0.940253
49;60;0.936155
49;61;0.973181
49;62;0.110312
49;63;0.929267
49;64;0.928752
49;65;0.939965
49;66;0.891687
49;67;0.944971
49;68;0.018339
49;69;0.983270
49;70;0.907996
49;71;0.913849
49;72;0.962791
49;73;0.901891
49;74;0.965074
49;75;0.928510
49;76;0.978648
49;77;0.940198
49;78;0.932233
49;79;0.944249
49;80;0.948288
49;81;0.944602
50;0;0.642895
50;1;0.665189
50;2;0.572174
50;3;0.269148
50;4;0.594124
50;5;0.453868
50;6;0.559535
50;7;0.952630
50;8;0.553139
50;9;0.976169
50;10;0.386883
50;11;0.975648
50;12;0.680433
50;13;0.364144
50;14;0.986916
50;15;0.240186
50;16;0.607520
50;17;0.641932
50;18;0.992161
50;19;0.985207
50;20;0.503669
50;21;0.781348
50;22;0.978911
50;23;0.508395
50;24;0.702125
50;25;0.482989
50;26;0.535893
50;27;0.667635
50;28;0.985336
50;29;0.994239
50;30;0.796203
50;31;0.682521
50;32;0.600710
50;33;0.614667
50;34;0.832718
50;35;0.982894
50;36;0.991937
50;37;0.990503
50;38;0.616601
50;39;0.079997
50;40;0.986963
50;41;0.969107
50;42;0.269272
50;43;0.976076
50;44;0.485437
50;45;0.358780
50;46;0.786173
50;47;0.679144
50;48;0.972811
50;49;0.973785
50;50;0.000000
50;51;0.984988
50;52;0.572602
50;53;0.553904
50;54;0.584300
50;55;0.431485
50;56;0.535328
50;57;0.666395
50;58;0.609700
50;59;0.482892
50;60;0.623220
50;61;0.769057
50;62;0.973840
50;63;0.470196
50;64;0.668303
50;65;0.553215
50;66;0.514689
50;67;0.632729
50;68;0.942839
50;69;0.835759
50;70;0.557833
50;71;0.717938
50;72;0.799908
50;73;0.620638
50;74;0.621446
50;75;0.539633
50;76;0.429870
50;77;0.838008
50;78;0.620597
50;79;0.291190
50;80;0.542914
50;81;0.834319
51;0;0.984273
51;1;0.959410
51;2;0.962187
51;3;0.973468
51;4;0.963743
51;5;0.987685
51;6;0.966685
51;7;0.096052
51;8;0.986821
51;9;0.116128
51;10;0.987345
51;11;0.094676
51;12;0.987607
51;13;0.974083
51;14;0.039701
51;15;0.976113
51;16;0.988515
51;17;0.975273
51;18;1.000000
51;19;0.066399
51;20;0.982988
51;21;0.972741
51;22;0.083952
51;23;0.953987
51;24;0.978155
51;25;0.979472
51;26;0.957415
51;27;0.980865
51;28;0.061597
51;29;0.127007
51;30;0.979433
51;31;0.953656
51;32;0.976334
51;33;0.961922
51;34;0.989762
51;35;0.119770
51;36;0.043383
51;37;0.027511
51;38;0.961751
51;39;0.987902
51;40;0.052935
51;41;0.981029
51;42;0.974053
51;43;0.051572
51;44;0.974521
51;45;0.972974
51;46;0.986722
51;47;0.957845
51;48;0.996551
51;49;0.070675
51;50;0.984988
51;51;0.000000
51;52;0.956259
51;53;0.960571
51;54;0.978608
51;55;0.973789
51;56;0.995258
51;57;0.978710
51;58;0.961495
51;59;0.981140
51;60;0.985280
51;61;0.968485
51;62;0.047349
51;63;0.982307
51;64;0.960003
51;65;0.961132
51;66;0.958174
51;67;0.990052
51;68;0.094594
51;69;0.978836
51;70;0.991127
51;71;0.979095
51;72;0.991741
51;73;0.962543
51;74;0.965344
51;75;0.991775
51;76;0.977304
51;77;0.972386
51;78;0.983527
51;79;0.967761
51;80;0.988397
51;81;0.975494
52;0;0.238624
52;1;0.025626
52;2;0.141761
52;3;0.371709
52;4;0.126896
52;5;0.426486
52;6;0.185057
52;7;0.934280
52;8;0.359762
52;9;0.877306
52;10;0.388781
52;11;0.882696
52;12;0.713762
52;13;0.690720
52;14;0.926859
52;15;0.669071
52;16;0.855129
52;17;0.327597
52;18;0.996152
52;19;0.887398
52;20;0.218599
52;21;0.426361
52;22;0.889474
52;23;0.178403
52;24;0.511771
52;25;0.503430
52;26;0.318372
52;27;0.510152
52;28;0.878906
52;29;0.976555
52;30;0.283221
52;31;0.125474
52;32;0.139098
52;33;0.141130
52;34;0.684379
52;35;0.932126
52;36;0.982094
52;37;0.994061
52;38;0.295773
52;39;0.634292
52;40;0.919742
52;41;0.823806
52;42;0.472636
52;43;0.916728
52;44;0.426640
52;45;0.523349
52;46;0.613325
52;47;0.204778
52;48;0.966469
52;49;0.918866
52;50;0.572602
52;51;0.956259
52;52;0.000000
52;53;0.533359
52;54;0.179281
52;55;0.285931
52;56;0.845718
52;57;0.715950
52;58;0.152575
52;59;0.433433
52;60;0.749415
52;61;0.738821
52;62;0.915103
52;63;0.635170
52;64;0.027114
52;65;0.034774
52;66;0.157250
52;67;0.582810
52;68;0.895782
52;69;0.859054
52;70;0.478435
52;71;0.268200
52;72;0.632394
52;73;0.097440
52;74;0.287110
52;75;0.549739
52;76;0.404428
52;77;0.492272
52;78;0.483578
52;79;0.569160
52;80;0.178119
52;81;0.148090
53;0;0.707923
53;1;0.633037
53;2;0.609231
53;3;0.439966
53;4;0.698473
53;5;0.683593
53;6;0.609136
53;7;0.914142
53;8;0.660322
53;9;0.931768
53;10;0.586551
53;11;0.933919
53;12;0.778856
53;13;0.568382
53;14;0.963056
53;15;0.604283
53;16;0.669919
53;17;0.708208
53;18;0.982447
53;19;0.956738
53;20;0.631119
53;21;0.790973
53;22;0.942576
53;23;0.582475
53;24;0.694790
53;25;0.613197
53;26;0.513715
53;27;0.822962
53;28;0.953053
53;29;0.974317
53;30;0.852109
53;31;0.673427
53;32;0.776672
53;33;0.665620
53;34;0.895469
53;35;0.950567
53;36;0.974310
53;37;0.975619
53;38;0.689332
53;39;0.596049
53;40;0.952725
53;41;0.917541
53;42;0.338291
53;43;0.936165
53;44;0.541100
53;45;0.433220
53;46;0.876840
53;47;0.637204
53;48;0.916569
53;49;0.947913
53;50;0.553904
53;51;0.960571
53;52;0.533359
53;53;0.000000
53;54;0.755588
53;55;0.557197
53;56;0.855790
53;57;0.259194
53;58;0.646035
53;59;0.560897
53;60;0.783081
53;61;0.345348
53;62;0.933943
53;63;0.741816
53;64;0.649413
53;65;0.593083
53;66;0.544419
53;67;0.804200
53;68;0.888874
53;69;0.531670
53;70;0.778649
53;71;0.855157
53;72;0.805890
53;73;0.681817
53;74;0.617630
53;75;0.771288
53;76;0.600962
53;77;0.829697
53;78;0.742638
53;79;0.341531
53;80;0.638946
53;81;0.784308
54;0;0.206365
54;1;0.151655
54;2;0.260559
54;3;0.501648
54;4;0.177130
54;5;0.489790
54;6;0.225765
54;7;0.979078
54;8;0.461607
54;9;0.930338
54;10;0.428168
54;11;0.931401
54;12;0.826722
54;13;0.660448
54;14;0.940316
54;15;0.610417
54;16;0.796150
54;17;0.347954
54;18;0.994616
54;19;0.899065
54;20;0.326275
54;21;0.390065
54;22;0.918739
54;23;0.225332
54;24;0.816265
54;25;0.572184
54;26;0.477760
54;27;0.399180
54;28;0.923866
54;29;0.991921
54;30;0.114615
54;31;0.153492
54;32;0.102807
54;33;0.268920
54;34;0.645222
54;35;0.973432
54;36;0.986568
54;37;0.992322
54;38;0.346695
54;39;0.573175
54;40;0.928548
54;41;0.862405
54;42;0.547962
54;43;0.967016
54;44;0.361367
54;45;0.722164
54;46;0.547630
54;47;0.353271
54;48;0.967462
54;49;0.935207
54;50;0.584300
54;51;0.978608
54;52;0.179281
54;53;0.755588
54;54;0.000000
54;55;0.490495
54;56;0.788676
54;57;0.773283
54;58;0.190702
54;59;0.731949
54;60;0.795688
54;61;0.794087
54;62;0.962196
54;63;0.730026
54;64;0.172060
54;65;0.160077
54;66;0.402361
54;67;0.563169
54;68;0.958920
54;69;0.860048
54;70;0.391340
54;71;0.102733
54;72;0.738381
54;73;0.145269
54;74;0.446263
54;75;0.474429
54;76;0.359436
54;77;0.578000
54;78;0.573132
54;79;0.720457
54;80;0.194581
54;81;0.130620
55;0;0.472461
55;1;0.369054
55;2;0.420434
55;3;0.106229
55;4;0.427962
55;5;0.486168
55;6;0.439612
55;7;0.962867
55;8;0.554534
55;9;0.954236
55;10;0.657257
55;11;0.959782
55;12;0.544953
55;13;0.499218
55;14;0.970268
55;15;0.449391
55;16;0.778676
55;17;0.378026
55;18;0.994926
55;19;0.959813
55;20;0.291027
55;21;0.465132
55;22;0.972905
55;23;0.454388
55;24;0.240351
55;25;0.341524
55;26;0.423715
55;27;0.511984
55;28;0.919335
55;29;0.964436
55;30;0.469279
55;31;0.504562
55;32;0.292833
55;33;0.360369
55;34;0.738720
55;35;0.941070
55;36;0.984175
55;37;0.991476
55;38;0.509575
55;39;0.521929
55;40;0.968461
55;41;0.844843
55;42;0.496161
55;43;0.961924
55;44;0.300329
55;45;0.313214
55;46;0.683041
55;47;0.412627
55;48;0.942567
55;49;0.964881
55;50;0.431485
55;51;0.973789
55;52;0.285931
55;53;0.557197
55;54;0.490495
55;55;0.000000
55;56;0.739244
55;57;0.822103
55;58;0.510402
55;59;0.373223
55;60;0.595030
55;61;0.619265
55;62;0.974193
55;63;0.409678
55;64;0.333282
55;65;0.284963
55;66;0.318933
55;67;0.517580
55;68;0.944681
55;69;0.800253
55;70;0.729286
55;71;0.507497
55;72;0.655883
55;73;0.441456
55;74;0.368501
55;75;0.732553
55;76;0.223686
55;77;0.650394
55;78;0.285779
55;79;0.409933
55;80;0.488272
55;81;0.365314
56;0;0.813366
56;1;0.858894
56;2;0.832338
56;3;0.626539
56;4;0.525556
56;5;0.315829
56;6;0.814092
56;7;0.897137
56;8;0.761930
56;9;0.890950
56;10;0.714382
56;11;0.904490
56;12;0.110150
56;13;0.641416
56;14;0.995538
56;15;0.579352
56;16;0.781412
56;17;0.284618
56;18;0.994504
56;19;0.993746
56;20;0.742837
56;21;0.759308
56;22;0.921292
56;23;0.795366
56;24;0.817652
56;25;0.267517
56;26;0.435476
56;27;0.244928
56;28;0.994348
56;29;0.881380
56;30;0.881439
56;31;0.869351
56;32;0.773295
56;33;0.434500
56;34;0.691105
56;35;0.884921
56;36;0.995207
56;37;0.994480
56;38;0.372891
56;39;0.513409
56;40;0.991126
56;41;0.838650
56;42;0.729347
56;43;0.994079
56;44;0.716825
56;45;0.742549
56;46;0.884368
56;47;0.505684
56;48;0.975027
56;49;0.920667
56;50;0.535328
56;51;0.995258
56;52;0.845718
56;53;0.855790
56;54;0.788676
56;55;0.739244
56;56;0.000000
56;57;0.844260
56;58;0.837504
56;59;0.332646
56;60;0.273237
56;61;0.844406
56;62;0.994743
56;63;0.133611
56;64;0.855193
56;65;0.800843
56;66;0.461170
56;67;0.353609
56;68;0.902660
56;69;0.893616
56;70;0.775447
56;71;0.566200
56;72;0.750440
56;73;0.560801
56;74;0.843329
56;75;0.761575
56;76;0.701039
56;77;0.756315
56;78;0.242123
56;79;0.756381
56;80;0.802269
56;81;0.905375
57;0;0.771463
57;1;0.704674
57;2;0.746572
57;3;0.587874
57;4;0.701639
57;5;0.697730
57;6;0.622343
57;7;0.956005
57;8;0.663824
57;9;0.938145
57;10;0.600123
57;11;0.937403
57;12;0.826674
57;13;0.485361
57;14;0.980945
57;15;0.537882
57;16;0.578647
57;17;0.855227
57;18;0.976509
57;19;0.975746
57;20;0.721545
57;21;0.847045
57;22;0.944218
57;23;0.623350
57;24;0.822691
57;25;0.835101
57;26;0.694241
57;27;0.843645
57;28;0.977772
57;29;0.984332
57;30;0.874983
57;31;0.669131
57;32;0.829387
57;33;0.746465
57;34;0.924906
57;35;0.978092
57;36;0.978016
57;37;0.973934
57;38;0.689779
57;39;0.491013
57;40;0.963493
57;41;0.914530
57;42;0.632693
57;43;0.937533
57;44;0.602939
57;45;0.767002
57;46;0.907521
57;47;0.737313
57;48;0.920744
57;49;0.983728
57;50;0.666395
57;51;0.978710
57;52;0.715950
57;53;0.259194
57;54;0.773283
57;55;0.822103
57;56;0.844260
57;57;0.000000
57;58;0.689010
57;59;0.641240
57;60;0.832682
57;61;0.332521
57;62;0.932688
57;63;0.805650
57;64;0.726104
57;65;0.682358
57;66;0.700775
57;67;0.803518
57;68;0.933222
57;69;0.523302
57;70;0.795480
57;71;0.867408
57;72;0.870082
57;73;0.720390
57;74;0.730248
57;75;0.785847
57;76;0.650642
57;77;0.863109
57;78;0.795939
57;79;0.705199
57;80;0.646005
57;81;0.842660
58;0;0.304432
58;1;0.133246
58;2;0.173160
58;3;0.557662
58;4;0.147166
58;5;0.524917
58;6;0.163485
58;7;0.945737
58;8;0.442008
58;9;0.883034
58;10;0.378749
58;11;0.885498
58;12;0.836091
58;13;0.687317
58;14;0.930426
58;15;0.662840
58;16;0.532438
58;17;0.440623
58;18;0.995845
58;19;0.894000
58;20;0.429564
58;21;0.477164
58;22;0.891642
58;23;0.163746
58;24;0.796854
58;25;0.598239
58;26;0.361811
58;27;0.493203
58;28;0.922797
58;29;0.990504
58;30;0.257561
58;31;0.096970
58;32;0.267796
58;33;0.233791
58;34;0.697504
58;35;0.953229
58;36;0.982036
58;37;0.993746
58;38;0.296173
58;39;0.604553
58;40;0.921641
58;41;0.828746
58;42;0.579851
58;43;0.920692
58;44;0.445282
58;45;0.717989
58;46;0.642962
58;47;0.268527
58;48;0.969429
58;49;0.926415
58;50;0.609700
58;51;0.961495
58;52;0.152575
58;53;0.646035
58;54;0.190702
58;55;0.510402
58;56;0.837504
58;57;0.689010
58;58;0.000000
58;59;0.593595
58;60;0.655207
58;61;0.765515
58;62;0.909384
58;63;0.753997
58;64;0.156028
58;65;0.164849
58;66;0.324211
58;67;0.568067
58;68;0.907806
58;69;0.879450
58;70;0.476103
58;71;0.246672
58;72;0.642332
58;73;0.147054
58;74;0.389228
58;75;0.553968
58;76;0.422341
58;77;0.563332
58;78;0.607444
58;79;0.705087
58;80;0.076586
58;81;0.225840
59;0;0.645424
59;1;0.464420
59;2;0.515914
59;3;0.334996
59;4;0.337731
59;5;0.243860
59;6;0.535267
59;7;0.897588
59;8;0.489821
59;9;0.854117
59;10;0.563665
59;11;0.868949
59;12;0.173466
59;13;0.542827
59;14;0.978764
59;15;0.499144
59;16;0.780349
59;17;0.312772
59;18;0.994679
59;19;0.967941
59;20;0.392493
59;21;0.670040
59;22;0.899407
59;23;0.525720
59;24;0.297736
59;25;0.342549
59;26;0.351325
59;27;0.438503
59;28;0.929307
59;29;0.901962
59;30;0.829838
59;31;0.608918
59;32;0.533850
59;33;0.238504
59;34;0.735251
59;35;0.882215
59;36;0.986986
59;37;0.991765
59;38;0.285641
59;39;0.453319
59;40;0.972053
59;41;0.822350
59;42;0.689205
59;43;0.923535
59;44;0.650113
59;45;0.495095
59;46;0.830129
59;47;0.309463
59;48;0.955507
59;49;0.940253
59;50;0.482892
59;51;0.981140
59;52;0.433433
59;53;0.560897
59;54;0.731949
59;55;0.373223
59;56;0.332646
59;57;0.641240
59;58;0.593595
59;59;0.000000
59;60;0.336169
59;61;0.650254
59;62;0.928668
59;63;0.133596
59;64;0.427102
59;65;0.383436
59;66;0.180101
59;67;0.445354
59;68;0.875328
59;69;0.805242
59;70;0.774910
59;71;0.637044
59;72;0.611405
59;73;0.368410
59;74;0.489358
59;75;0.770351
59;76;0.602228
59;77;0.601256
59;78;0.207329
59;79;0.647305
59;80;0.559771
59;81;0.652844
60;0;0.742717
60;1;0.764384
60;2;0.692800
60;3;0.563090
60;4;0.561437
60;5;0.402260
60;6;0.783023
60;7;0.925043
60;8;0.721001
60;9;0.901805
60;10;0.756117
60;11;0.915659
60;12;0.233735
60;13;0.556226
60;14;0.982653
60;15;0.531336
60;16;0.461174
60;17;0.364281
60;18;0.580030
60;19;0.977295
60;20;0.658306
60;21;0.720220
60;22;0.930632
60;23;0.788709
60;24;0.593637
60;25;0.367482
60;26;0.536352
60;27;0.383039
60;28;0.966637
60;29;0.903038
60;30;0.829796
60;31;0.831058
60;32;0.680384
60;33;0.473895
60;34;0.731466
60;35;0.896588
60;36;0.988274
60;37;0.993179
60;38;0.481042
60;39;0.598133
60;40;0.978931
60;41;0.730483
60;42;0.768300
60;43;0.979171
60;44;0.707760
60;45;0.658390
60;46;0.860802
60;47;0.543465
60;48;0.961382
60;49;0.936155
60;50;0.623220
60;51;0.985280
60;52;0.749415
60;53;0.783081
60;54;0.795688
60;55;0.595030
60;56;0.273237
60;57;0.832682
60;58;0.655207
60;59;0.336169
60;60;0.000000
60;61;0.677154
60;62;0.982515
60;63;0.210843
60;64;0.746684
60;65;0.701242
60;66;0.495347
60;67;0.335585
60;68;0.917864
60;69;0.506601
60;70;0.806240
60;71;0.613317
60;72;0.684420
60;73;0.580252
60;74;0.774445
60;75;0.608879
60;76;0.652572
60;77;0.747623
60;78;0.294755
60;79;0.711417
60;80;0.677863
60;81;0.788573
61;0;0.692312
61;1;0.736882
61;2;0.779249
61;3;0.535063
61;4;0.754032
61;5;0.710182
61;6;0.732984
61;7;0.979965
61;8;0.717825
61;9;0.958489
61;10;0.760466
61;11;0.959660
61;12;0.706732
61;13;0.260748
61;14;0.966989
61;15;0.376005
61;16;0.650576
61;17;0.738150
61;18;0.981555
61;19;0.962574
61;20;0.693515
61;21;0.744513
61;22;0.962518
61;23;0.789020
61;24;0.573375
61;25;0.723154
61;26;0.823018
61;27;0.740734
61;28;0.959252
61;29;0.971734
61;30;0.751515
61;31;0.770025
61;32;0.703371
61;33;0.760713
61;34;0.860399
61;35;0.964969
61;36;0.970552
61;37;0.974866
61;38;0.799665
61;39;0.639156
61;40;0.948158
61;41;0.930099
61;42;0.685176
61;43;0.961192
61;44;0.576907
61;45;0.615385
61;46;0.849110
61;47;0.788778
61;48;0.900122
61;49;0.973181
61;50;0.769057
61;51;0.968485
61;52;0.738821
61;53;0.345348
61;54;0.794087
61;55;0.619265
61;56;0.844406
61;57;0.332521
61;58;0.765515
61;59;0.650254
61;60;0.677154
61;61;0.000000
61;62;0.963345
61;63;0.622951
61;64;0.741694
61;65;0.699393
61;66;0.779029
61;67;0.762632
61;68;0.961778
61;69;0.518965
61;70;0.821589
61;71;0.766809
61;72;0.874440
61;73;0.758253
61;74;0.786743
61;75;0.812389
61;76;0.519952
61;77;0.865793
61;78;0.652581
61;79;0.576966
61;80;0.761290
61;81;0.720114
62;0;0.969151
62;1;0.911955
62;2;0.924524
62;3;0.976840
62;4;0.911636
62;5;0.972294
62;6;0.903252
62;7;0.138490
62;8;0.960827
62;9;0.120011
62;10;0.948850
62;11;0.090911
62;12;0.984375
62;13;0.974572
62;14;0.014953
62;15;0.974830
62;16;0.987792
62;17;0.973417
62;18;0.999847
62;19;0.036631
62;20;0.965772
62;21;0.969505
62;22;0.099739
62;23;0.890192
62;24;0.975243
62;25;0.982501
62;26;0.908920
62;27;0.974283
62;28;0.041784
62;29;0.183943
62;30;0.968867
62;31;0.896275
62;32;0.970885
62;33;0.920741
62;34;0.987678
62;35;0.160094
62;36;0.017717
62;37;0.035829
62;38;0.906297
62;39;0.963138
62;40;0.033383
62;41;0.970708
62;42;0.987929
62;43;0.031287
62;44;0.977951
62;45;0.980093
62;46;0.984115
62;47;0.906609
62;48;0.994084
62;49;0.110312
62;50;0.973840
62;51;0.047349
62;52;0.915103
62;53;0.933943
62;54;0.962196
62;55;0.974193
62;56;0.994743
62;57;0.932688
62;58;0.909384
62;59;0.928668
62;60;0.982515
62;61;0.963345
62;62;0.000000
62;63;0.980796
62;64;0.913010
62;65;0.913143
62;66;0.914512
62;67;0.971921
62;68;0.094520
62;69;0.977857
62;70;0.989403
62;71;0.972968
62;72;0.968782
62;73;0.914875
62;74;0.923504
62;75;0.993592
62;76;0.980586
62;77;0.950876
62;78;0.980818
62;79;0.984322
62;80;0.927601
62;81;0.959728
63;0;0.663298
63;1;0.659624
63;2;0.674890
63;3;0.350544
63;4;0.444196
63;5;0.215012
63;6;0.722508
63;7;0.916034
63;8;0.584157
63;9;0.886716
63;10;0.662995
63;11;0.902366
63;12;0.053870
63;13;0.432539
63;14;0.980062
63;15;0.384456
63;16;0.744972
63;17;0.223042
63;18;0.994430
63;19;0.971762
63;20;0.475212
63;21;0.647440
63;22;0.922766
63;23;0.723740
63;24;0.376048
63;25;0.236005
63;26;0.458544
63;27;0.287363
63;28;0.944809
63;29;0.885947
63;30;0.798259
63;31;0.787518
63;32;0.536234
63;33;0.328701
63;34;0.678538
63;35;0.878004
63;36;0.987131
63;37;0.991067
63;38;0.372774
63;39;0.442535
63;40;0.973724
63;41;0.837019
63;42;0.683856
63;43;0.972078
63;44;0.602307
63;45;0.519007
63;46;0.811684
63;47;0.443349
63;48;0.951084
63;49;0.929267
63;50;0.470196
63;51;0.982307
63;52;0.635170
63;53;0.741816
63;54;0.730026
63;55;0.409678
63;56;0.133611
63;57;0.805650
63;58;0.753997
63;59;0.133596
63;60;0.210843
63;61;0.622951
63;62;0.980796
63;63;0.000000
63;64;0.626355
63;65;0.570310
63;66;0.329994
63;67;0.366713
63;68;0.909463
63;69;0.811874
63;70;0.734448
63;71;0.541656
63;72;0.673377
63;73;0.473069
63;74;0.667807
63;75;0.727138
63;76;0.540963
63;77;0.668736
63;78;0.112944
63;79;0.626684
63;80;0.726453
63;81;0.706436
64;0;0.221079
64;1;0.005408
64;2;0.163423
64;3;0.407769
64;4;0.098035
64;5;0.401954
64;6;0.192020
64;7;0.952413
64;8;0.332457
64;9;0.871827
64;10;0.410859
64;11;0.877695
64;12;0.700945
64;13;0.703510
64;14;0.927873
64;15;0.682950
64;16;0.866863
64;17;0.345205
64;18;0.996496
64;19;0.885182
64;20;0.198812
64;21;0.420074
64;22;0.885106
64;23;0.196271
64;24;0.475072
64;25;0.574642
64;26;0.390447
64;27;0.506344
64;28;0.875031
64;29;0.974553
64;30;0.263154
64;31;0.112780
64;32;0.101521
64;33;0.128179
64;34;0.684097
64;35;0.933885
64;36;0.981950
64;37;0.994333
64;38;0.279126
64;39;0.653805
64;40;0.916270
64;41;0.817079
64;42;0.629831
64;43;0.913669
64;44;0.454182
64;45;0.635914
64;46;0.610681
64;47;0.216944
64;48;0.965327
64;49;0.928752
64;50;0.668303
64;51;0.960003
64;52;0.027114
64;53;0.649413
64;54;0.172060
64;55;0.333282
64;56;0.855193
64;57;0.726104
64;58;0.156028
64;59;0.427102
64;60;0.746684
64;61;0.741694
64;62;0.913010
64;63;0.626355
64;64;0.000000
64;65;0.024289
64;66;0.178834
64;67;0.580419
64;68;0.913943
64;69;0.861487
64;70;0.484932
64;71;0.247332
64;72;0.634969
64;73;0.075617
64;74;0.297170
64;75;0.559558
64;76;0.428048
64;77;0.473710
64;78;0.465367
64;79;0.750209
64;80;0.177355
64;81;0.110456
65;0;0.285820
65;1;0.037293
65;2;0.170927
65;3;0.337716
65;4;0.101871
65;5;0.436269
65;6;0.129895
65;7;0.948698
65;8;0.419784
65;9;0.883813
65;10;0.462235
65;11;0.889365
65;12;0.672294
65;13;0.614933
65;14;0.937889
65;15;0.584256
65;16;0.816666
65;17;0.316345
65;18;0.995348
65;19;0.912132
65;20;0.216115
65;21;0.382880
65;22;0.899461
65;23;0.131190
65;24;0.461004
65;25;0.516626
65;26;0.345488
65;27;0.453189
65;28;0.895808
65;29;0.974791
65;30;0.240996
65;31;0.111098
65;32;0.113129
65;33;0.136117
65;34;0.673872
65;35;0.934962
65;36;0.981475
65;37;0.992827
65;38;0.231449
65;39;0.546299
65;40;0.929047
65;41;0.820601
65;42;0.610204
65;43;0.914691
65;44;0.391159
65;45;0.565534
65;46;0.583684
65;47;0.179181
65;48;0.962630
65;49;0.939965
65;50;0.553215
65;51;0.961132
65;52;0.034774
65;53;0.593083
65;54;0.160077
65;55;0.284963
65;56;0.800843
65;57;0.682358
65;58;0.164849
65;59;0.383436
65;60;0.701242
65;61;0.699393
65;62;0.913143
65;63;0.570310
65;64;0.024289
65;65;0.000000
65;66;0.192774
65;67;0.538593
65;68;0.909948
65;69;0.836087
65;70;0.568026
65;71;0.251559
65;72;0.630101
65;73;0.090144
65;74;0.262290
65;75;0.624335
65;76;0.362446
65;77;0.494439
65;78;0.431421
65;79;0.659478
65;80;0.170390
65;81;0.127758
66;0;0.315313
66;1;0.181108
66;2;0.267628
66;3;0.345463
66;4;0.151003
66;5;0.200554
66;6;0.382521
66;7;0.888698
66;8;0.333909
66;9;0.830240
66;10;0.375048
66;11;0.841503
66;12;0.344586
66;13;0.702669
66;14;0.934003
66;15;0.653154
66;16;0.830506
66;17;0.231818
66;18;0.995985
66;19;0.896854
66;20;0.203055
66;21;0.553113
66;22;0.859292
66;23;0.359944
66;24;0.463268
66;25;0.312887
66;26;0.194957
66;27;0.415290
66;28;0.878319
66;29;0.920615
66;30;0.568573
66;31;0.329573
66;32;0.300567
66;33;0.083887
66;34;0.668581
66;35;0.881024
66;36;0.982946
66;37;0.993800
66;38;0.226510
66;39;0.561009
66;40;0.925067
66;41;0.776383
66;42;0.482761
66;43;0.913927
66;44;0.501130
66;45;0.510375
66;46;0.721311
66;47;0.196023
66;48;0.964288
66;49;0.891687
66;50;0.514689
66;51;0.958174
66;52;0.157250
66;53;0.544419
66;54;0.402361
66;55;0.318933
66;56;0.461170
66;57;0.700775
66;58;0.324211
66;59;0.180101
66;60;0.495347
66;61;0.779029
66;62;0.914512
66;63;0.329994
66;64;0.178834
66;65;0.192774
66;66;0.000000
66;67;0.429716
66;68;0.856746
66;69;0.858008
66;70;0.491989
66;71;0.391286
66;72;0.573394
66;73;0.134511
66;74;0.382155
66;75;0.548134
66;76;0.494981
66;77;0.483800
66;78;0.260289
66;79;0.600423
66;80;0.292313
66;81;0.401693
67;0;0.620774
67;1;0.579518
67;2;0.635308
67;3;0.550048
67;4;0.372039
67;5;0.507627
67;6;0.468986
67;7;0.924946
67;8;0.774442
67;9;0.908869
67;10;0.734065
67;11;0.919559
67;12;0.389258
67;13;0.617272
67;14;0.988180
67;15;0.588668
67;16;0.824667
67;17;0.316224
67;18;0.686268
67;19;0.985330
67;20;0.675230
67;21;0.541925
67;22;0.932005
67;23;0.512320
67;24;0.783716
67;25;0.289811
67;26;0.304792
67;27;0.233008
67;28;0.987538
67;29;0.921727
67;30;0.514837
67;31;0.515835
67;32;0.570856
67;33;0.350664
67;34;0.665808
67;35;0.917724
67;36;0.990732
67;37;0.993825
67;38;0.306444
67;39;0.603820
67;40;0.987043
67;41;0.690097
67;42;0.787457
67;43;0.975294
67;44;0.430615
67;45;0.754052
67;46;0.761061
67;47;0.336037
67;48;0.535569
67;49;0.944971
67;50;0.632729
67;51;0.990052
67;52;0.582810
67;53;0.804200
67;54;0.563169
67;55;0.517580
67;56;0.353609
67;57;0.803518
67;58;0.568067
67;59;0.445354
67;60;0.335585
67;61;0.762632
67;62;0.971921
67;63;0.366713
67;64;0.580419
67;65;0.538593
67;66;0.429716
67;67;0.000000
67;68;0.916870
67;69;0.634479
67;70;0.823711
67;71;0.394386
67;72;0.697544
67;73;0.404130
67;74;0.603188
67;75;0.673692
67;76;0.378980
67;77;0.685249
67;78;0.244797
67;79;0.749439
67;80;0.508519
67;81;0.561447
68;0;0.963771
68;1;0.910924
68;2;0.909888
68;3;0.955517
68;4;0.885876
68;5;0.925497
68;6;0.902548
68;7;0.026437
68;8;0.962958
68;9;0.021218
68;10;0.939626
68;11;0.010719
68;12;0.897398
68;13;0.967535
68;14;0.106481
68;15;0.969852
68;16;0.985776
68;17;0.890081
68;18;0.999497
68;19;0.131772
68;20;0.959155
68;21;0.950145
68;22;0.024827
68;23;0.888228
68;24;0.974052
68;25;0.888076
68;26;0.831252
68;27;0.906176
68;28;0.133074
68;29;0.048128
68;30;0.971361
68;31;0.900323
68;32;0.971461
68;33;0.871520
68;34;0.956924
68;35;0.030382
68;36;0.114178
68;37;0.100040
68;38;0.860413
68;39;0.963881
68;40;0.126345
68;41;0.955015
68;42;0.923631
68;43;0.083921
68;44;0.960027
68;45;0.932007
68;46;0.981104
68;47;0.852725
68;48;0.993223
68;49;0.018339
68;50;0.942839
68;51;0.094594
68;52;0.895782
68;53;0.888874
68;54;0.958920
68;55;0.944681
68;56;0.902660
68;57;0.933222
68;58;0.907806
68;59;0.875328
68;60;0.917864
68;61;0.961778
68;62;0.094520
68;63;0.909463
68;64;0.913943
68;65;0.909948
68;66;0.856746
68;67;0.916870
68;68;0.000000
68;69;0.976293
68;70;0.979822
68;71;0.939678
68;72;0.943770
68;73;0.885496
68;74;0.916736
68;75;0.983325
68;76;0.966151
68;77;0.932252
68;78;0.913014
68;79;0.910139
68;80;0.924868
68;81;0.961592
69;0;0.826175
69;1;0.858911
69;2;0.881883
69;3;0.672279
69;4;0.871165
69;5;0.795509
69;6;0.864285
69;7;0.986113
69;8;0.794623
69;9;0.974845
69;10;0.819958
69;11;0.975474
69;12;0.837476
69;13;0.667524
69;14;0.979046
69;15;0.691788
69;16;0.748120
69;17;0.856871
69;18;0.184590
69;19;0.974305
69;20;0.789853
69;21;0.866223
69;22;0.976781
69;23;0.862425
69;24;0.783561
69;25;0.847415
69;26;0.884686
69;27;0.869100
69;28;0.973981
69;29;0.981527
69;30;0.888633
69;31;0.885041
69;32;0.835753
69;33;0.869763
69;34;0.937661
69;35;0.977266
69;36;0.980341
69;37;0.980987
69;38;0.871643
69;39;0.740486
69;40;0.964575
69;41;0.712182
69;42;0.772789
69;43;0.975927
69;44;0.711284
69;45;0.788532
69;46;0.921964
69;47;0.901186
69;48;0.935826
69;49;0.983270
69;50;0.835759
69;51;0.978836
69;52;0.859054
69;53;0.531670
69;54;0.860048
69;55;0.800253
69;56;0.893616
69;57;0.523302
69;58;0.879450
69;59;0.805242
69;60;0.506601
69;61;0.518965
69;62;0.977857
69;63;0.811874
69;64;0.861487
69;65;0.836087
69;66;0.858008
69;67;0.634479
69;68;0.976293
69;69;0.000000
69;70;0.866590
69;71;0.890425
69;72;0.929324
69;73;0.871710
69;74;0.859330
69;75;0.490790
69;76;0.741160
69;77;0.927371
69;78;0.813063
69;79;0.805045
69;80;0.876453
69;81;0.861241
70;0;0.153161
70;1;0.433231
70;2;0.467458
70;3;0.638118
70;4;0.498878
70;5;0.271518
70;6;0.785168
70;7;0.985668
70;8;0.118493
70;9;0.923006
70;10;0.100868
70;11;0.924625
70;12;0.832440
70;13;0.650777
70;14;0.925132
70;15;0.598048
70;16;0.783776
70;17;0.657908
70;18;0.994114
70;19;0.833258
70;20;0.320433
70;21;0.854400
70;22;0.900327
70;23;0.764391
70;24;0.841104
70;25;0.764261
70;26;0.802019
70;27;0.829067
70;28;0.892509
70;29;0.994863
70;30;0.689200
70;31;0.592295
70;32;0.370771
70;33;0.544703
70;34;0.801363
70;35;0.989168
70;36;0.992883
70;37;0.992054
70;38;0.809229
70;39;0.561517
70;40;0.905263
70;41;0.983048
70;42;0.319062
70;43;0.989649
70;44;0.697013
70;45;0.712212
70;46;0.795462
70;47;0.851512
70;48;0.972564
70;49;0.907996
70;50;0.557833
70;51;0.991127
70;52;0.478435
70;53;0.778649
70;54;0.391340
70;55;0.729286
70;56;0.775447
70;57;0.795480
70;58;0.476103
70;59;0.774910
70;60;0.806240
70;61;0.821589
70;62;0.989403
70;63;0.734448
70;64;0.484932
70;65;0.568026
70;66;0.491989
70;67;0.823711
70;68;0.979822
70;69;0.866590
70;70;0.000000
70;71;0.475619
70;72;0.830049
70;73;0.443408
70;74;0.826311
70;75;0.145345
70;76;0.703421
70;77;0.718480
70;78;0.804855
70;79;0.685390
70;80;0.456615
70;81;0.582854
71;0;0.287432
71;1;0.231011
71;2;0.351221
71;3;0.577507
71;4;0.129284
71;5;0.444711
71;6;0.272552
71;7;0.955103
71;8;0.542525
71;9;0.901312
71;10;0.540011
71;11;0.909125
71;12;0.584585
71;13;0.651411
71;14;0.942456
71;15;0.634825
71;16;0.853234
71;17;0.166691
71;18;0.996006
71;19;0.903596
71;20;0.470892
71;21;0.335739
71;22;0.907713
71;23;0.303595
71;24;0.811230
71;25;0.407420
71;26;0.392205
71;27;0.182182
71;28;0.937970
71;29;0.949996
71;30;0.097172
71;31;0.194448
71;32;0.167163
71;33;0.175237
71;34;0.566689
71;35;0.934789
71;36;0.987644
71;37;0.994297
71;38;0.238385
71;39;0.698197
71;40;0.932870
71;41;0.804356
71;42;0.666468
71;43;0.976531
71;44;0.373072
71;45;0.787837
71;46;0.579521
71;47;0.244393
71;48;0.966302
71;49;0.913849
71;50;0.717938
71;51;0.979095
71;52;0.268200
71;53;0.855157
71;54;0.102733
71;55;0.507497
71;56;0.566200
71;57;0.867408
71;58;0.246672
71;59;0.637044
71;60;0.613317
71;61;0.766809
71;62;0.972968
71;63;0.541656
71;64;0.247332
71;65;0.251559
71;66;0.391286
71;67;0.394386
71;68;0.939678
71;69;0.890425
71;70;0.475619
71;71;0.000000
71;72;0.700530
71;73;0.126852
71;74;0.500941
71;75;0.562782
71;76;0.350426
71;77;0.549547
71;78;0.365905
71;79;0.774976
71;80;0.295640
71;81;0.117777
72;0;0.714250
72;1;0.641920
72;2;0.660161
72;3;0.687176
72;4;0.608586
72;5;0.668922
72;6;0.688068
72;7;0.955133
72;8;0.747041
72;9;0.932253
72;10;0.775266
72;11;0.938281
72;12;0.683031
72;13;0.844854
72;14;0.980974
72;15;0.828929
72;16;0.797471
72;17;0.623916
72;18;0.998290
72;19;0.968535
72;20;0.668301
72;21;0.757026
72;22;0.948962
72;23;0.697638
72;24;0.729908
72;25;0.459439
72;26;0.619427
72;27;0.691156
72;28;0.961919
72;29;0.961388
72;30;0.757885
72;31;0.687842
72;32;0.681750
72;33;0.578335
72;34;0.754717
72;35;0.950106
72;36;0.994724
72;37;0.997163
72;38;0.627470
72;39;0.808915
72;40;0.977224
72;41;0.892613
72;42;0.822244
72;43;0.967414
72;44;0.734223
72;45;0.783871
72;46;0.104170
72;47;0.607268
72;48;0.983597
72;49;0.962791
72;50;0.799908
72;51;0.991741
72;52;0.632394
72;53;0.805890
72;54;0.738381
72;55;0.655883
72;56;0.750440
72;57;0.870082
72;58;0.642332
72;59;0.611405
72;60;0.684420
72;61;0.874440
72;62;0.968782
72;63;0.673377
72;64;0.634969
72;65;0.630101
72;66;0.573394
72;67;0.697544
72;68;0.943770
72;69;0.929324
72;70;0.830049
72;71;0.700530
72;72;0.000000
72;73;0.615808
72;74;0.639983
72;75;0.853507
72;76;0.720876
72;77;0.772373
72;78;0.614042
72;79;0.835993
72;80;0.634951
72;81;0.691631
73;0;0.223825
73;1;0.064697
73;2;0.200491
73;3;0.490215
73;4;0.017541
73;5;0.299658
73;6;0.182842
73;7;0.919819
73;8;0.365667
73;9;0.843031
73;10;0.367887
73;11;0.852525
73;12;0.515148
73;13;0.666569
73;14;0.929059
73;15;0.636616
73;16;0.844199
73;17;0.197663
73;18;0.996277
73;19;0.887260
73;20;0.289926
73;21;0.407323
73;22;0.859967
73;23;0.186748
73;24;0.650960
73;25;0.410261
73;26;0.248459
73;27;0.282686
73;28;0.896989
73;29;0.942773
73;30;0.250246
73;31;0.106305
73;32;0.156311
73;33;0.046053
73;34;0.604943
73;35;0.907990
73;36;0.982121
73;37;0.994045
73;38;0.130405
73;39;0.596170
73;40;0.918695
73;41;0.779041
73;42;0.609910
73;43;0.921629
73;44;0.441084
73;45;0.694096
73;46;0.611926
73;47;0.126667
73;48;0.965937
73;49;0.901891
73;50;0.620638
73;51;0.962543
73;52;0.097440
73;53;0.681817
73;54;0.145269
73;55;0.441456
73;56;0.560801
73;57;0.720390
73;58;0.147054
73;59;0.368410
73;60;0.580252
73;61;0.758253
73;62;0.914875
73;63;0.473069
73;64;0.075617
73;65;0.090144
73;66;0.134511
73;67;0.404130
73;68;0.885496
73;69;0.871710
73;70;0.443408
73;71;0.126852
73;72;0.615808
73;73;0.000000
73;74;0.361435
73;75;0.518782
73;76;0.418846
73;77;0.457380
73;78;0.344020
73;79;0.745717
73;80;0.156431
73;81;0.168070
74;0;0.585307
74;1;0.316697
74;2;0.406483
74;3;0.420606
74;4;0.337885
74;5;0.635020
74;6;0.289945
74;7;0.949605
74;8;0.657992
74;9;0.917467
74;10;0.678042
74;11;0.920754
74;12;0.736885
74;13;0.742784
74;14;0.963835
74;15;0.702274
74;16;0.854485
74;17;0.490799
74;18;0.996192
74;19;0.961763
74;20;0.483287
74;21;0.507691
74;22;0.940865
74;23;0.283071
74;24;0.567309
74;25;0.568734
74;26;0.401466
74;27;0.558891
74;28;0.940230
74;29;0.978378
74;30;0.441128
74;31;0.329198
74;32;0.411454
74;33;0.347149
74;34;0.445131
74;35;0.942935
74;36;0.983930
74;37;0.993894
74;38;0.371189
74;39;0.636431
74;40;0.960158
74;41;0.833199
74;42;0.717847
74;43;0.924900
74;44;0.476334
74;45;0.435623
74;46;0.709873
74;47;0.318808
74;48;0.964797
74;49;0.965074
74;50;0.621446
74;51;0.965344
74;52;0.287110
74;53;0.617630
74;54;0.446263
74;55;0.368501
74;56;0.843329
74;57;0.730248
74;58;0.389228
74;59;0.489358
74;60;0.774445
74;61;0.786743
74;62;0.923504
74;63;0.667807
74;64;0.297170
74;65;0.262290
74;66;0.382155
74;67;0.603188
74;68;0.916736
74;69;0.859330
74;70;0.826311
74;71;0.500941
74;72;0.639983
74;73;0.361435
74;74;0.000000
74;75;0.828068
74;76;0.446543
74;77;0.637304
74;78;0.517764
74;79;0.705524
74;80;0.406673
74;81;0.375815
75;0;0.274224
75;1;0.515769
75;2;0.535395
75;3;0.625329
75;4;0.565085
75;5;0.318616
75;6;0.801071
75;7;0.986521
75;8;0.216173
75;9;0.942775
75;10;0.193375
75;11;0.943609
75;12;0.829192
75;13;0.646289
75;14;0.944884
75;15;0.594999
75;16;0.771646
75;17;0.703958
75;18;0.524101
75;19;0.867307
75;20;0.402306
75;21;0.870340
75;22;0.921334
75;23;0.780203
75;24;0.837365
75;25;0.760016
75;26;0.804881
75;27;0.825767
75;28;0.908612
75;29;0.995128
75;30;0.748553
75;31;0.657273
75;32;0.453012
75;33;0.603464
75;34;0.827348
75;35;0.992655
75;36;0.994059
75;37;0.992483
75;38;0.821322
75;39;0.539338
75;40;0.929484
75;41;0.841995
75;42;0.363615
75;43;0.993204
75;44;0.719758
75;45;0.708177
75;46;0.821926
75;47;0.867298
75;48;0.975673
75;49;0.928510
75;50;0.539633
75;51;0.991775
75;52;0.549739
75;53;0.771288
75;54;0.474429
75;55;0.732553
75;56;0.761575
75;57;0.785847
75;58;0.553968
75;59;0.770351
75;60;0.608879
75;61;0.812389
75;62;0.993592
75;63;0.727138
75;64;0.559558
75;65;0.624335
75;66;0.548134
75;67;0.673692
75;68;0.983325
75;69;0.490790
75;70;0.145345
75;71;0.562782
75;72;0.853507
75;73;0.518782
75;74;0.828068
75;75;0.000000
75;76;0.702881
75;77;0.759496
75;78;0.798243
75;79;0.684929
75;80;0.528100
75;81;0.666602
76;0;0.439197
76;1;0.424937
76;2;0.486719
76;3;0.244823
76;4;0.394293
76;5;0.605292
76;6;0.294031
76;7;0.978433
76;8;0.665985
76;9;0.974637
76;10;0.622739
76;11;0.978279
76;12;0.704974
76;13;0.331143
76;14;0.976993
76;15;0.301390
76;16;0.684493
76;17;0.454527
76;18;0.990377
76;19;0.972505
76;20;0.493232
76;21;0.418080
76;22;0.978122
76;23;0.364501
76;24;0.635430
76;25;0.360973
76;26;0.387283
76;27;0.391171
76;28;0.971796
76;29;0.985159
76;30;0.294353
76;31;0.361772
76;32;0.346931
76;33;0.437648
76;34;0.695935
76;35;0.975283
76;36;0.985448
76;37;0.985865
76;38;0.457701
76;39;0.413095
76;40;0.970246
76;41;0.825630
76;42;0.558933
76;43;0.978615
76;44;0.083642
76;45;0.538583
76;46;0.637247
76;47;0.421916
76;48;0.932893
76;49;0.978648
76;50;0.429870
76;51;0.977304
76;52;0.404428
76;53;0.600962
76;54;0.359436
76;55;0.223686
76;56;0.701039
76;57;0.650642
76;58;0.422341
76;59;0.602228
76;60;0.652572
76;61;0.519952
76;62;0.980586
76;63;0.540963
76;64;0.428048
76;65;0.362446
76;66;0.494981
76;67;0.378980
76;68;0.966151
76;69;0.741160
76;70;0.703421
76;71;0.350426
76;72;0.720876
76;73;0.418846
76;74;0.446543
76;75;0.702881
76;76;0.000000
76;77;0.711314
76;78;0.350986
76;79;0.479677
76;80;0.343402
76;81;0.354501
77;0;0.587879
77;1;0.477260
77;2;0.564177
77;3;0.685407
77;4;0.465257
77;5;0.585400
77;6;0.597991
77;7;0.953247
77;8;0.629916
77;9;0.903594
77;10;0.686482
77;11;0.909883
77;12;0.672380
77;13;0.850967
77;14;0.955666
77;15;0.840047
77;16;0.931207
77;17;0.534274
77;18;0.998127
77;19;0.932013
77;20;0.571837
77;21;0.139893
77;22;0.918608
77;23;0.595563
77;24;0.705254
77;25;0.668043
77;26;0.599986
77;27;0.619560
77;28;0.925346
77;29;0.959364
77;30;0.627390
77;31;0.543823
77;32;0.525287
77;33;0.450167
77;34;0.786788
77;35;0.934665
77;36;0.988540
77;37;0.997170
77;38;0.528704
77;39;0.825462
77;40;0.949074
77;41;0.130582
77;42;0.809874
77;43;0.950996
77;44;0.724174
77;45;0.813146
77;46;0.802414
77;47;0.512660
77;48;0.982059
77;49;0.940198
77;50;0.838008
77;51;0.972386
77;52;0.492272
77;53;0.829697
77;54;0.578000
77;55;0.650394
77;56;0.756315
77;57;0.863109
77;58;0.563332
77;59;0.601256
77;60;0.747623
77;61;0.865793
77;62;0.950876
77;63;0.668736
77;64;0.473710
77;65;0.494439
77;66;0.483800
77;67;0.685249
77;68;0.932252
77;69;0.927371
77;70;0.718480
77;71;0.549547
77;72;0.772373
77;73;0.457380
77;74;0.637304
77;75;0.759496
77;76;0.711314
77;77;0.000000
77;78;0.590880
77;79;0.886186
77;80;0.587711
77;81;0.536420
78;0;0.561851
78;1;0.495305
78;2;0.579366
78;3;0.313624
78;4;0.310020
78;5;0.302718
78;6;0.534061
78;7;0.920211
78;8;0.638133
78;9;0.889827
78;10;0.751619
78;11;0.904634
78;12;0.118512
78;13;0.566729
78;14;0.981088
78;15;0.537703
78;16;0.791859
78;17;0.124729
78;18;0.994410
78;19;0.972112
78;20;0.448746
78;21;0.459710
78;22;0.925535
78;23;0.570101
78;24;0.402977
78;25;0.161007
78;26;0.303307
78;27;0.157385
78;28;0.941619
78;29;0.888154
78;30;0.530247
78;31;0.576487
78;32;0.408976
78;33;0.204317
78;34;0.619309
78;35;0.880463
78;36;0.987094
78;37;0.991758
78;38;0.255241
78;39;0.587552
78;40;0.974856
78;41;0.756334
78;42;0.755981
78;43;0.971508
78;44;0.411040
78;45;0.589300
78;46;0.736472
78;47;0.267023
78;48;0.958544
78;49;0.932233
78;50;0.620597
78;51;0.983527
78;52;0.483578
78;53;0.742638
78;54;0.573132
78;55;0.285779
78;56;0.242123
78;57;0.795939
78;58;0.607444
78;59;0.207329
78;60;0.294755
78;61;0.652581
78;62;0.980818
78;63;0.112944
78;64;0.465367
78;65;0.431421
78;66;0.260289
78;67;0.244797
78;68;0.913014
78;69;0.813063
78;70;0.804855
78;71;0.365905
78;72;0.614042
78;73;0.344020
78;74;0.517764
78;75;0.798243
78;76;0.350986
78;77;0.590880
78;78;0.000000
78;79;0.719553
78;80;0.574341
78;81;0.456512
79;0;0.697758
79;1;0.733207
79;2;0.613099
79;3;0.429427
79;4;0.771117
79;5;0.699398
79;6;0.673930
79;7;0.923924
79;8;0.746337
79;9;0.981679
79;10;0.590540
79;11;0.984627
79;12;0.772363
79;13;0.384405
79;14;0.970390
79;15;0.385585
79;16;0.738277
79;17;0.642699
79;18;0.991701
79;19;0.968048
79;20;0.661755
79;21;0.778452
79;22;0.982914
79;23;0.665560
79;24;0.732701
79;25;0.457495
79;26;0.518929
79;27;0.767147
79;28;0.969069
79;29;0.990945
79;30;0.817368
79;31;0.762186
79;32;0.725810
79;33;0.726078
79;34;0.846184
79;35;0.966463
79;36;0.988253
79;37;0.988132
79;38;0.806570
79;39;0.517029
79;40;0.980511
79;41;0.970899
79;42;0.158623
79;43;0.984702
79;44;0.540781
79;45;0.266777
79;46;0.825898
79;47;0.703241
79;48;0.950103
79;49;0.944249
79;50;0.291190
79;51;0.967761
79;52;0.569160
79;53;0.341531
79;54;0.720457
79;55;0.409933
79;56;0.756381
79;57;0.705199
79;58;0.705087
79;59;0.647305
79;60;0.711417
79;61;0.576966
79;62;0.984322
79;63;0.626684
79;64;0.750209
79;65;0.659478
79;66;0.600423
79;67;0.749439
79;68;0.910139
79;69;0.805045
79;70;0.685390
79;71;0.774976
79;72;0.835993
79;73;0.745717
79;74;0.705524
79;75;0.684929
79;76;0.479677
79;77;0.886186
79;78;0.719553
79;79;0.000000
79;80;0.678947
79;81;0.832998
80;0;0.229390
80;1;0.148292
80;2;0.203828
80;3;0.528028
80;4;0.179216
80;5;0.495312
80;6;0.170221
80;7;0.951005
80;8;0.438217
80;9;0.901361
80;10;0.342904
80;11;0.905216
80;12;0.833121
80;13;0.617403
80;14;0.954223
80;15;0.589393
80;16;0.590435
80;17;0.488594
80;18;0.995280
80;19;0.917016
80;20;0.349913
80;21;0.522502
80;22;0.900353
80;23;0.207464
80;24;0.814303
80;25;0.567400
80;26;0.322972
80;27;0.529749
80;28;0.938850
80;29;0.993237
80;30;0.310240
80;31;0.129815
80;32;0.275656
80;33;0.273641
80;34;0.708120
80;35;0.975035
80;36;0.991333
80;37;0.993238
80;38;0.334939
80;39;0.523483
80;40;0.945176
80;41;0.846048
80;42;0.572781
80;43;0.937305
80;44;0.369590
80;45;0.716268
80;46;0.640915
80;47;0.307640
80;48;0.969456
80;49;0.948288
80;50;0.542914
80;51;0.988397
80;52;0.178119
80;53;0.638946
80;54;0.194581
80;55;0.488272
80;56;0.802269
80;57;0.646005
80;58;0.076586
80;59;0.559771
80;60;0.677863
80;61;0.761290
80;62;0.927601
80;63;0.726453
80;64;0.177355
80;65;0.170390
80;66;0.292313
80;67;0.508519
80;68;0.924868
80;69;0.876453
80;70;0.456615
80;71;0.295640
80;72;0.634951
80;73;0.156431
80;74;0.406673
80;75;0.528100
80;76;0.343402
80;77;0.587711
80;78;0.574341
80;79;0.678947
80;80;0.000000
80;81;0.287596
81;0;0.288643
81;1;0.117242
81;2;0.286984
81;3;0.484693
81;4;0.172237
81;5;0.571156
81;6;0.228061
81;7;0.985794
81;8;0.524179
81;9;0.920325
81;10;0.628275
81;11;0.925385
81;12;0.765935
81;13;0.731433
81;14;0.941251
81;15;0.737412
81;16;0.898376
81;17;0.296882
81;18;0.996112
81;19;0.905117
81;20;0.364567
81;21;0.311356
81;22;0.928524
81;23;0.267501
81;24;0.576447
81;25;0.578259
81;26;0.499861
81;27;0.399205
81;28;0.911941
81;29;0.978708
81;30;0.075571
81;31;0.152405
81;32;0.093837
81;33;0.214368
81;34;0.644882
81;35;0.954251
81;36;0.986154
81;37;0.994707
81;38;0.341574
81;39;0.809137
81;40;0.929200
81;41;0.823438
81;42;0.754553
81;43;0.956666
81;44;0.376903
81;45;0.741728
81;46;0.572423
81;47;0.270490
81;48;0.963573
81;49;0.944602
81;50;0.834319
81;51;0.975494
81;52;0.148090
81;53;0.784308
81;54;0.130620
81;55;0.365314
81;56;0.905375
81;57;0.842660
81;58;0.225840
81;59;0.652844
81;60;0.788573
81;61;0.720114
81;62;0.959728
81;63;0.706436
81;64;0.110456
81;65;0.127758
81;66;0.401693
81;67;0.561447
81;68;0.961592
81;69;0.861241
81;70;0.582854
81;71;0.117777
81;72;0.691631
81;73;0.168070
81;74;0.375815
81;75;0.666602
81;76;0.354501
81;77;0.536420
81;78;0.456512
81;79;0.832998
81;80;0.287596
81;81;0.000000
